"","m1a","m2a","m3a"
"Absarokius_abbotti",1.64140158763949,1.61597648927368,1.23761307186989
"Acidomomys_hebeticus",1.53712525082247,1.73607056336747,2.00848245273934
"Aegyptopithecus_zeuxis",3.42496645572696,3.77126107811672,3.87972134960124
"Afradapis_longicristatus",3.12070356987131,3.22353782085773,3.33655506056965
"Aframonius_dieides",2.6303515439943,2.85828373319969,2.96022457063874
"Afrasia_djijidae",1.13240071796496,1.0807537703668,0.956856693620817
"Afropithecus_turkanensis",4.51803919271372,4.9025488442312,5.09558899997642
"Afrotarsius_chatrathi",1.63063074941143,1.48015212303946,1.45127208266984
"Agerinia_marandati",2.08813489474852,2.03143232249348,2.24190843857394
"Agerinia_roselli",2.08665049462551,2.1371103877271,2.06693026774276
"Agerinia_smithorum",2.10751866425173,1.97508052635509,2.11452867838649
"Allenopithecus_nigroviridis",3.3485377407143,3.63813085099332,3.58518970990859
"Allochrocebus_lhoesti",3.37997687260951,3.59915949640427,3.5423041272992
"Allochrocebus_preussi",3.23660828363251,3.48316395181064,3.43951855377197
"Alouatta_belzebul",3.57491271266082,3.72219712348852,3.8291656394845
"Alouatta_caraya",3.46211548197819,3.65046067632452,3.8107048085797
"Alouatta_guariba",3.53151994063864,3.69283398574759,3.8423206759862
"Alouatta_palliatus",3.63555686041501,3.78502147893386,3.83924969696559
"Alouatta_pigra",3.51198762788675,3.67554918894433,3.76420388825266
"Alouatta_seniculus",3.69361613049146,3.86367174742531,3.92495048779695
"Altanius_orlovi",0.114733947463467,0.205714770879416,0.456705601101746
"Altiatlasius_koulchii",1.179499562672,1.51093383757276,0.89725448683206
"Anaptomorphus_westi",1.84227829712717,1.94591014905531,1.72688311325294
"Anchomomys_frontanyensis",0.706460414865821,1.01413732861532,1.04777397847885
"Anemorhysis_natronensis",0.924258901523332,0.940861003357864,0.867765387222756
"Anemorhysis_pattersoni",1.11196030618761,1.10468754685853,1.07410622292518
"Anemorhysis_savagei",0.8845936451309,0.915890651852815,0.866680231320821
"Anemorhysis_sublettensis",0.76313955237998,0.784532045279782,0.706493963421136
"Anemorhysis_wortmani",1.07803158096809,1.09435626559928,1.02126775895274
"Antillothrix_bernensis",3.24306880046567,3.48617558203718,3.31302748595501
"Aotus_azarae",2.31027765147371,2.25097010944318,2.01223279198639
"Aotus_dindensis",2.25744264331742,2.31645641482405,2.06354358622081
"Aotus_lemurinus",2.20216746929837,2.23806361313139,2.02524931259641
"Aotus_nancymaae",2.28670974383576,2.34090395729618,2.16805320003594
"Aotus_nigriceps",2.12912416463229,2.11851200316128,1.8553209507178
"Aotus_trivirgatus",2.22973954088348,2.25119678265097,2.14727346174562
"Aotus_vociferans",2.21375387928743,2.10321910159083,1.86872051036418
"Apidium_bowni",1.80132622817709,1.94297131108873,1.83368041523542
"Apidium_moustafai",2.17950611247341,2.347384487163,2.29651970969018
"Apidium_phiomense",2.4131404621611,2.53581054956344,2.5609172007712
"Arapahovius_advena",1.06566813294876,1.08987048650913,1.17132047205069
"Arapahovius_gazini",1.3804823931961,1.36560020653133,1.23704029827215
"Archaeolemur_edwardsi",4.39458479979321,4.34192605361206,4.14588855539002
"Arcius_fuscus",0.989502159394673,1.00632026630761,0.866806326775247
"Arcius_hookeri",1.64460345466941,1.58792955721083,1.68546509173104
"Arcius_lapparenti",1.62101978288953,1.46746596980637,1.60643821784554
"Arcius_zbyszewskii",0.780813447229176,0.744074805252273,0.915751386453559
"Arctocebus_calabarensis",2.03004702826151,2.05012715401106,2.04323849301588
"Ardipithecus_ramidus",4.72061716184693,5.02567167892237,4.96284463025991
"Arsinoea_kallimos",1.73068728893893,1.82227558009374,1.49130484052217
"Aseanpithecus_myanmarensis",3.09495121321452,3.22494705864421,3.19698598084989
"Ateles_belzebuth",3.17805383034795,3.20680324363393,2.89352649868666
"Ateles_fusciceps",3.30352574915519,3.29805662274264,3.07823349506573
"Ateles_geoffroyi",3.29794196491121,3.31716981846402,3.13995826775909
"Ateles_marginatus",3.18552584518665,3.25833689374911,2.88480071284671
"Ateles_paniscus",3.28575870176644,3.26725688679908,3.07713142441895
"Australopithecus_afarensis",5.09654384097002,5.23832635645729,5.33031009758421
"Australopithecus_africanus",5.18275498840561,5.3962900835245,5.38423069691787
"Australopithecus_anamensis",5.04385728158716,5.17911144406816,5.24296743406648
"Australopithecus_deyiremeda",5.06739362791486,5.31929577293323,5.35526464698979
"Australopithecus_sediba",5.01495926557631,5.25436547901885,5.31143100569342
"Avahi_laniger",2.51102893432667,2.4213698984531,2.455514269799
"Avahi_occidentalis",2.04216948865454,2.10425426900736,2.18997939426925
"Aycrossia_lovei",1.64093657949347,1.80395079323825,1.52551990541163
"Babakotia_radofilai",3.90348349295854,3.99669715723365,4.18403443949162
"Bahinia_banyueae",1.88733645172644,2.07428082937342,1.77742103549199
"Bahinia_pondaungensis",1.97408102602201,2.13014666135429,1.90560672774929
"Berruvius_lasseroni",0.0740865433526982,0.0918496536298788,-0.10186662640357
"Biretia_fayumensis",1.37813617341843,1.42898128224966,1.21045177042365
"Biretia_megalopsis",1.54988295933367,1.57499699981221,1.2809709126763
"Biretia_piveteaui",1.55814461804655,1.6563596655435,1.32107560867746
"Brachyteles_arachnoides",3.79925071530463,3.82437469836889,3.67604569478292
"Brachyteles_hypoxanthus",3.54663904788311,3.49610971718542,3.28119610941214
"Branisella_boliviana",2.0775537191971,2.09616976510169,1.86528870251617
"Brontomomys_cerutti",2.45976569691222,2.46363840900488,2.45479102588338
"Bugtipithecus_inexpectans",1.70744409112891,1.87639516119066,1.82928981220263
"Cacajao_calvus",2.99504383719006,2.98922134499258,2.76198357882937
"Cacajao_melanocephalus",2.92674065206626,2.99645168971212,2.82199286455272
"Callicebus_personatus",2.67147639247103,2.78059682164731,2.68119973201322
"Callimico_goeldii",2.08753668739419,1.93786429638889,1.48208442576107
"Callithrix_aurita",1.6559894775713,1.35999337766927,0.853385936552035
"Callithrix_jacchus",1.57563980368388,1.20607559191764,0.710355886454727
"Callithrix_kuhlii",1.5721098071681,1.34377822401681,0.824054237457563
"Callithrix_penicillata",1.75226959485414,1.38906746563386,0.895742703874285
"Cantius_abditus",2.92881592763046,3.18210810067599,3.394298639971
"Cantius_eppsi",2.51310766588585,2.61833885479502,2.71180362922003
"Cantius_frugivorus",2.72998617211665,2.82203492117134,2.95217215880161
"Cantius_mckennai",2.53231775502702,2.67511370085595,2.66261231800462
"Cantius_nunienus",2.67807369496787,2.83499998236118,2.95374032406992
"Cantius_ralstoni",2.458622563141,2.55988656311907,2.65380518624981
"Cantius_torresi",2.32224096252428,2.44679918711177,2.40902964587115
"Carlito_syrichta",1.96527767645716,2.01564367847911,2.27155213847375
"Carlocebus_carmenensis",2.99389196828013,2.95839358028974,2.95864150291081
"Carlocebus_intermedius",3.0750315882964,3.04830533564445,2.99736344247433
"Carpocristes_rosei",0.364643113587909,0.318453731118535,0.683096844706444
"Carpodaptes_aulacodon",0.777028664540647,0.594707107746693,0.741937344729377
"Carpodaptes_cygneus",0.527486064659098,0.512177834117354,0.688596843461127
"Carpodaptes_hazelae",0.680215850583987,0.567791673279211,0.794758293713367
"Carpodaptes_hobackensis",0.518793793415168,0.523248143764548,0.683096844706444
"Carpodaptes_jepseni",1.17248213723457,1.06125650212434,1.26912465803816
"Carpolestes_dubius",1.16738084928497,1.00581598219029,1.30347102023327
"Carpolestes_nigridens",1.01351826430179,0.831942472304009,1.16938135955632
"Carpolestes_simpsoni",0.836729692493545,0.65715724282679,1.010564010646
"Catopithecus_browni",2.21507391666666,2.11059673861899,1.81259310590528
"Cebuella_pygmaea",0.943918508713775,0.664580858619824,0.141148587143615
"Cebupithecia_sarmientoi",2.72925479189827,2.74329018198516,2.58346452904163
"Cebus_albifrons",3.01813568255023,2.90389106988841,2.48020812900645
"Cebus_capucinus",3.13203544262613,2.98609536324566,2.76437965852606
"Cebus_olivaceus",2.93618129392746,2.75206708651898,2.45095121735043
"Cephalopachus_bancanus",1.85889877206568,1.96150224381515,1.98146113331963
"Cercocebus_agilis",3.85445468661677,4.15480555895469,4.14343280292347
"Cercocebus_atys",3.82476243914428,4.11501589140648,4.17622470166262
"Cercocebus_galeritus",3.61429059712286,3.88751307615016,3.83945231259331
"Cercocebus_torquatus",3.9432286041991,4.20049439646355,4.30125885791473
"Cercopithecus_ascanius",2.85177906104103,3.1060519721118,2.92444352077954
"Cercopithecus_cephus",3.10807383032638,3.35816943802913,3.24900861283385
"Cercopithecus_denti",2.88151038946369,3.18305242762982,2.97855783354597
"Cercopithecus_diana",3.27443752529364,3.5112188835736,3.42972667058209
"Cercopithecus_erythrogaster",3.11381403002097,3.38218217760025,3.26304198144013
"Cercopithecus_erythrotis",3.05821941648512,3.31947973671046,3.23482491788586
"Cercopithecus_kandti",3.13089233917033,3.41698043802826,3.22287083418108
"Cercopithecus_mitis",3.35131810720462,3.62077438607046,3.53926488877045
"Cercopithecus_mona",3.1232857087425,3.44413676670587,3.40061330307549
"Cercopithecus_neglectus",3.29840026100541,3.60515301165324,3.55668045916755
"Cercopithecus_nictitans",3.23665616179936,3.54757222889783,3.4596737455543
"Cercopithecus_petaurista",3.14491405443,3.4348274585834,3.35954019128876
"Cercopithecus_pogonias",3.11291917195991,3.42887528407797,3.33851300645159
"Cercopithecus_wolfi",3.02681367670013,3.35639541405375,3.30801371582209
"Chalicomomys_antelucanus",-0.188098209571409,-0.157824085193567,-0.0859937131669762
"Cheirogaleus_major",2.13781190633873,2.21368160891643,2.10805766673111
"Cheirogaleus_medius",1.30101144686389,1.37227731409322,1.32888662415188
"Cheirogaleus_sibreei",1.66995786994989,1.69656048324147,1.72046054799394
"Cheracebus_torquatus",2.44241138112506,2.45832248475643,2.23377506193362
"Chiromyoides_caesor",1.70794298313494,1.92246969861118,2.30165966491754
"Chiromyoides_campanicus",1.94688884854412,2.34812920872986,2.39665195474416
"Chiromyoides_major",2.18329467180272,2.30688154657276,2.43682748280016
"Chiromyoides_mauberti",1.59220019294776,1.90045940281793,2.34358200554858
"Chiromyoides_minor",1.58903110265644,1.66978014144026,1.96105207217961
"Chiropotes_albinasus",2.66001381943402,2.59559164023822,2.47261613357656
"Chiropotes_satanas",2.63127056597091,2.57337879995729,2.34758105528743
"Chlorocebus_aethiops",3.25885633557262,3.5561138644127,3.50090502959393
"Chlorocebus_pygerythrus",3.33862286837569,3.64231726616123,3.54140192172868
"Chumashius_balchi",1.29883379234965,1.45206454532401,1.43046123528779
"Colobus_angolensis",3.61909651643247,3.836800098119,4.00522395883567
"Colobus_guereza",3.71462268349847,3.92582355366714,4.16760699948682
"Colobus_polykomos",3.692529396961,3.84766964474732,4.07180493303686
"Colobus_satanas",3.67515211696161,3.7929791374789,3.99113424699967
"Copelemur_australotutus",2.8338278610843,2.89485060177274,3.01286467229429
"Copelemur_praetutus",2.5983890931149,2.67541681048751,2.75684036527164
"Copelemur_tutus",3.13122860941249,3.18586248416329,3.30961585631145
"Darwinius_masillae",2.53011899260955,2.60657103215236,2.71928770561053
"Daubentonia_madagascariensis",2.47840001525586,2.76472079108656,2.25545229088365
"Dendropithecus_macinnesi",3.60983624677348,3.84759114526876,3.99120380330259
"Dionysopithecus_shuangouensis",3.3394007770458,3.5918177412708,3.49711343849198
"Dolichocebus_gaimanensis",2.60335983121691,2.55769813074734,2.36563555381863
"Donrussellia_gallica",0.401278355879784,0.669925635419084,0.758047823623457
"Donrussellia_provincialis",1.37872579161994,1.45185839790316,1.4153676086056
"Dryomomys_szalayi",0.0635380208039877,-0.0120725812342692,0.118316226818042
"Dryopithecus_fontani",4.54464448839901,4.75694662095388,4.73171472731305
"Dyseolemur_pacificus",1.08309213846306,1.18802694214064,1.32774144600308
"Edworthia_lerbekmoi",0.628608659422374,0.806475865866948,0.916290731874155
"Ekgmowechashala_philotau",2.54867606146119,2.28510647198205,1.99160839531204
"Elphidotarsius_florencae",0.731763235010569,0.731150391224338,0.900407685701152
"Elphidotarsius_russelli",0.664846466593362,0.682710251745353,0.755793287210216
"Elphidotarsius_shotgunensis",0.587786664902119,0.602642979730736,0.682196553619631
"Elphidotarsius_wightoni",0.245431296294833,0.0953101798043249,0.636576829071551
"Equatorius_africanus",4.36268935363279,4.78290983327693,4.96340391439082
"Erythrocebus_patas",3.58847369130054,3.93020638514378,3.86528746656979
"Eulemur_albifrons",3.09028158215104,3.08294729580652,2.74818753249415
"Eulemur_cinereiceps",3.16707437444387,3.14859102319872,2.78226089064699
"Eulemur_collaris",3.18826196625036,3.15273602236366,2.75238601492226
"Eulemur_coronatus",2.83018702348175,2.74960935745191,2.24435127537939
"Eulemur_fulvus",3.20781487750878,3.21482797394104,2.95077760161408
"Eulemur_macaco",3.20557291744234,3.18187368589525,2.76271592744312
"Eulemur_mongoz",2.81376065552432,2.73754507545439,2.4683416329133
"Eulemur_rubriventer",3.09537648221571,3.16762931301206,2.76422047256926
"Eulemur_rufifrons",3.16076161557774,3.10067576727025,2.76494816991819
"Eulemur_sanfordi",3.17255170052155,3.17905333068103,2.65766851738715
"Euoticus_elegantulus",1.12329579552597,1.36907037626571,1.33585123155558
"Foxomomys_fremdi",-0.0763412332567226,-0.0377018671840114,0.106893739668951
"Foxomomys_vossae",-0.127833371509885,-0.0885446744552449,0.0509718822472801
"Galago_matschiei",1.24237318109531,1.28615850645341,1.33181494379738
"Galago_moholi",1.5098890041139,1.51092887172538,1.46731615663815
"Galago_senegalensis",1.55081519172583,1.55462967593911,1.53615011666427
"Galagoides_demidoff",1.04400191991994,1.15169544695983,1.21571435177457
"Ganlea_megacanina",2.79499213123602,2.85876068451944,3.00978401275385
"Gigantopithecus_blacki",5.91449466469765,6.0156518561207,5.95618098611246
"Gorgopithecus_major",4.66577880767653,5.14833581713956,5.36489544977927
"Gorilla_beringei",5.49036920798457,5.7427752416038,5.64737671867472
"Gorilla_gorilla",5.37417566963674,5.56877375580122,5.52825485019232
"Griphopithecus_alpani",4.95880034340854,5.05815481006423,5.37989735354046
"Guangxilemur_singsilai",2.88914878815121,2.97798679339571,2.90350891067755
"Gunnelltarsius_randalli",1.87554555417878,1.81284436230526,1.81208265817626
"Hapalemur_alaotrensis",2.89175968317101,3.00270788729042,2.91939104029727
"Hapalemur_aureus",2.65455603042189,2.73579603404679,2.65394031225502
"Hapalemur_griseus",2.70211260843546,2.74350926937768,2.69539908354865
"Hapalemur_meridionalis",2.69885505502522,2.74529511750011,2.72794127219954
"Hapalemur_occidentalis",2.61735719851114,2.7023262451446,2.72313125222132
"Hemiacodon_gracilis",2.33334900752307,2.295824744264,2.19976054423743
"Hispanopithecus_laietanus",4.2516172330933,4.45412233561716,4.32109224044445
"Homo_erectus",5.03064369523245,5.08431511365064,4.98807870508725
"Homo_floresiensis",4.74614877924766,4.68277916531507,4.61512051684126
"Homo_habilis",5.03112211768055,5.20316150452659,5.17096343953892
"Homo_heidelbergensis",5.17669918529131,5.22746562557609,5.3004650586055
"Homo_naledi",4.77676777941907,4.95194629774758,5.04735287703142
"Homo_neanderthalensis",4.84648631347517,4.93522196982823,4.8608513397348
"Homo_rudolfensis",5.23007064519326,5.40394684603185,5.43208748067631
"Homo_sapiens",4.7899515399988,4.80219952201348,4.8390647811626
"Homunculus_patagonicus",2.88338691129304,2.81792038664593,2.72359600318249
"Hoolock_hoolock",3.66353155853105,3.93282532424559,3.89596949551603
"Hylobates_agilis",3.42046940602862,3.53989855988677,3.56055126323144
"Hylobates_albibarbis",3.28802868355652,3.42924479421731,3.26808917990303
"Hylobates_klossii",3.31432155516356,3.39487599931414,3.20050627849154
"Hylobates_lar",3.47724505355734,3.634220913551,3.62222172505173
"Hylobates_pileatus",3.47090551728671,3.56508767707437,3.61672265410827
"Ignacius_fremontensis",0.65232518603969,0.543985006365552,0.88590658491862
"Ignacius_frugivorus",1.16564769000427,1.02559122561463,1.39611473303371
"Ignacius_graybullianus",1.58347317728883,1.43567958630063,1.77833644889591
"Indraloris_himalayensis",3.25888853200374,3.41031403176675,3.03893064225916
"Indraloris_kamlialensis",2.5922651681085,2.72401497660178,2.60366967707083
"Indri_indri",3.80593794751757,3.73608105559823,3.72770241485988
"Insulacebus_toussaintiana",3.3261145755378,3.26975143203659,3.08440227426649
"Jemezius_szalayi",1.42356003943737,1.45628673293993,1.29243116808647
"Kalepithecus_songhorensis",3.41716119041889,3.54596322804577,3.50542495578402
"Karanisia_clarki",1.72972208430661,1.78583025948662,1.95078211885622
"Kenyapithecus_wickeri",4.56512913645091,4.62588860395475,4.82213468622559
"Komba_robustus",1.86524224598786,1.89103903331988,1.991217308265
"Kyitchaungia_takaii",2.64632725812517,2.57794151575519,2.61862653771637
"Laccopithecus_robustus",3.82147068656215,3.99125738649374,4.08519169109117
"Lagonimico_conclucatus",1.99129315490313,1.84411469956198,1.29071914619686
"Lagothrix_flavicauda",3.32319461411744,3.48126931967771,3.59433220820152
"Lagothrix_lagotricha",3.34412448846189,3.47752446147278,3.33959981990568
"Laomaki_yunnanensis",1.58923520511658,1.7400274821377,1.89649478949196
"Lemur_catta",2.85924018598356,2.96648518742981,2.91352566170178
"Leontocebus_fuscicollis",1.60358552646465,1.32353200100505,0.794052289314277
"Leontocebus_nigricollis",1.67592765370293,1.40563732396302,0.875925520042622
"Leontocebus_tripartitus",1.47645631150357,1.30687770743365,0.756175886670645
"Leontopithecus_chrysopygus",2.27019155312207,2.09576901998734,1.572907348185
"Leontopithecus_rosalia",2.19043018008508,1.91330638763903,1.4062812502524
"Lepilemur_dorsalis",2.12836820446942,2.18386762088788,2.14520930698712
"Lepilemur_edwardsi",2.376563356736,2.37407564268425,2.54043595958048
"Lepilemur_leucopus",1.97694603462924,2.0297880862317,2.12869417032466
"Lepilemur_microdon",2.38809284009864,2.34765501229272,2.22764398541783
"Lepilemur_mustelinus",2.27651503496113,2.27854637226978,2.40302718742397
"Lepilemur_ruficaudatus",2.44538228943054,2.44735861100871,2.42428202797157
"Lepilemur_septentrionalis",2.22234192356273,2.30646844302043,2.3831396696403
"Leptadapis_magnus",1.83423689276927,1.98757526233675,2.36291931970873
"Limnopithecus_evansi",3.39431961730499,3.61872519419073,3.62713702027837
"Limnopithecus_legetet",3.32150461275291,3.59011933008976,3.54036131918109
"Lomorupithecus_harrisoni",3.17471492908243,3.47320791763843,3.2900838292267
"Lophocebus_albigena",3.64828194781079,3.9304055683986,3.92619857711053
"Lophocebus_aterrimus",3.59791547473693,3.88370613209021,3.92624223684824
"Loris_tardigradus",1.56861591791385,1.59059482463262,1.79693125763045
"Loveina_minuta",1.0931808986709,1.23003094554408,1.28752829180824
"Loveina_sheai",1.16315080980568,1.3015531326648,1.3609765531356
"Loveina_wapitiensis",1.28923264827676,1.3793256918038,1.56024766824333
"Loveina_zephyri",1.30755173390133,1.43318812438044,1.52221977460891
"Lufengpithecus_lufengensis",4.7917327370393,5.08016135674487,5.06965863454572
"Macaca_arctoides",3.89589362349826,4.20707783220934,4.57264699428253
"Macaca_fascicularis",3.44772433300967,3.75361427175401,3.90550457467776
"Macaca_fuscata",3.8577427291015,4.21917071256105,4.48369266399545
"Macaca_hecki",3.79253578407186,4.07201589360302,4.21405246265559
"Macaca_maura",3.77905552520371,4.12151378028857,4.41107901319487
"Macaca_mulatta",3.64695599608389,3.98964096120495,4.2491188954634
"Macaca_nemestrina",3.83455750859538,4.1619391898708,4.47376298240369
"Macaca_nigra",3.74051712822037,4.09260527540548,4.3243082058714
"Macaca_ochreata",3.68277591078628,3.90996488895867,4.12614573333351
"Macaca_silenus",3.63240632012199,4.00511060349017,4.21428739346957
"Macaca_sinica",3.46988363053544,3.77630325050862,3.9118863110859
"Macaca_sylvanus",3.82546487843249,4.13893098239286,4.46326238039443
"Macaca_thibetana",3.9623510340966,4.21840719174505,4.46820988135825
"Macaca_tonkeana",3.94771560037598,4.22443817745557,4.33648264389448
"Macrotarsius_montanus",3.03389839235654,3.09173584926744,3.27021808205705
"Macrotarsius_siegerti",2.33813409770677,2.60970502033829,2.87263132281923
"Mahgarita_stevensi",2.22841096480591,2.27475130206461,2.31293138504819
"Mandrillus_leucophaeus",4.40000858525259,4.84595758158251,5.08839321258815
"Mandrillus_sphinx",4.38029120406507,4.83998490072302,5.07178025369451
"Mazateronodon_endemicus",1.16038745747306,1.45372120702863,1.21936926813694
"Mazzonicebus_almendrae",2.72081011273748,2.54258576137468,2.30643652360127
"Megadelphus_lundeliusi",3.24657659135028,3.28899499517577,3.39874771701556
"Megaladapis_madagascariensis",4.28113563435333,4.96488437548755,5.53415374206607
"Mescalerolemur_horneri",1.89039743912505,1.93792499538953,1.94748034422483
"Mesopithecus_pentelicus",3.70196032052803,3.92161642751395,4.02975605553386
"Mesopropithecus_pithecoides",3.46194218449186,3.61840034255846,3.66671276587643
"Mico_argentatus",1.39562568854877,1.16041268957356,0.638384635779263
"Mico_chrysoleucos",1.5993875765806,1.48557392521171,0.946978814458046
"Mico_humeralifera",1.4416108017906,1.2989988528597,0.762181805212109
"Mico_melanurus",1.54044504094715,1.32678023358748,0.803948014817122
"Microcebus_griseorufus",0.668495817118816,0.745146475670326,0.900161349944271
"Microcebus_marohita",1.09749166099941,1.22964025867681,1.25124267057076
"Microcebus_murinus",0.815363240028286,0.999910623532735,1.16792260112337
"Microcebus_myoxinus",1.00860004995708,0.834907125597777,0.959894900556146
"Microcebus_rufus",0.802148311129813,0.854076168993254,0.943878531476872
"Microcebus_tanosi",1.01521002734189,1.04533914092687,1.27291287441892
"Microchoerus_erinaceus",2.51372707269849,2.54140323355562,2.62264044991586
"Microcolobus_tugenensis",3.1027913458474,3.21727454350123,3.24337329646859
"Micromomys_silvercouleei",-0.00340012533484932,-0.0237805286654033,0.110257791017556
"Micropithecus_clarki",3.21159941589742,3.39972407465597,3.32163455882547
"Microsyops_annectens",2.72047052631098,2.93856209493896,2.98074553124567
"Microsyops_knightensis",2.22342718857183,2.39125803524782,2.40305278328012
"Microsyops_latidens",2.06612831261771,2.18168783818709,2.1991227746193
"Miopithecus_ogouensis",2.36581523262215,2.50053823205494,2.3234496562366
"Miopithecus_talapoin",2.49066248968925,2.73878480353751,2.62343684457853
"Mirza_coquereli",1.72087294858989,1.75825242036527,1.84388162766623
"Mohanamico_hershkovitzi",2.1744675902136,2.1303744613596,1.71819177086632
"Myanmarpithecus_yarshensis",2.6627278153542,2.72401212901245,2.99811318692894
"Nannodectes_gazini",1.59157939413279,1.75882296898179,2.05104206715814
"Nannodectes_gidleyi",2.05104206715814,2.25608031533829,2.60372618512998
"Nannodectes_intermedius",1.70031641183297,1.88476340021354,2.07774426879343
"Nannodectes_simpsoni",1.93733059254727,2.14981845493895,2.32238772029023
"Nannopithex_zuccolae",1.15096459294003,1.13826616119945,1.08938989280597
"Nasalis_larvatus",3.67845546821504,3.95215033312326,4.20422583052833
"Navajovius_kohlhaasae",0.374012662202802,0.65232518603969,0.517467662902837
"Necrolemur_antiquus",1.55870745962151,1.52028544494522,1.52207447347793
"Neosaimiri_fieldsi",2.17519303823101,2.04960854268025,1.595164680925
"Nievesia_sossisensis",1.1010946780657,1.37105349783587,1.30968325874805
"Niptomomys_doreenae",0.284627411722552,0.192684343829501,0.0326607822395483
"Nomascus_concolor",3.53096492767221,3.69429725131043,3.66397480371947
"Noropithecus_bulukensis",3.76268480111621,4.05464317800944,4.17703760081766
"Nosmips_aenigmaticus",2.51435505960966,2.46071320946542,2.58352294925992
"Notharctus_robinsoni",3.28752671195923,3.38089050225225,3.61442526818899
"Notharctus_tenebrosus",3.25537071094348,3.30862635898036,3.41312595252743
"Notharctus_venticolus",3.1146258034944,3.28523269181256,3.41022319286947
"Nuciruptor_rubricae",2.72961597901677,2.74354603678705,2.5837453367919
"Nyanzapithecus_harrisoni",3.28473503824726,3.53768037444274,3.69986204902889
"Nyanzapithecus_pickfordi",3.82690075201131,4.13979582512602,3.93182563272433
"Nyanzapithecus_vancouveringorum",3.70376806660769,4.05352256770185,4.28040910529489
"Nycticeboides_simpsoni",1.80418198922661,1.87564095320876,1.99470031322475
"Nycticebus_coucang",2.1770218700187,2.05123494978965,1.98272412217803
"Nycticebus_pygmaeus",1.99197772902329,2.07992808996269,2.24962251138467
"Oligopithecus_savagei",2.50225528812261,2.53210825127229,2.22326444185666
"Oligotarsius_rarus",1.07713325699099,1.13047574612053,1.15524675398492
"Omomys_carteri",1.6789969436224,1.83880451405645,1.4777868692114
"Oreopithecus_bambolii",4.1355264919579,4.40143089832007,4.69712474197905
"Otolemur_crassicaudatus",2.53369681395743,2.52045763405232,2.45848933647029
"Otolemur_garnettii",2.45965601903445,2.54512020673669,2.35981950394614
"Ourayia_uintensis",2.57825455204908,2.73630313488734,2.69614629659939
"Pachylemur_insignis",3.18136696210108,3.24146808692439,3.4222329740346
"Palaechthon_alticuspis",1.14218469732929,1.23910030796532,1.15451992060641
"Palaechthon_woodi",0.821980052402914,0.867178466740491,0.999617295536781
"Palaeopropithecus_maximus",4.98368413696879,4.96270050176978,4.81258554317851
"Pan_paniscus",4.4980853897783,4.5678146640484,4.4096320924568
"Pan_troglodytes",4.71534361860457,4.81780812698058,4.73156831542791
"Pandemonium_dis",1.60077550185545,1.62783605710697,1.7786624605451
"Papio_anubis",4.49406788444844,4.91841807747938,5.19364968489936
"Papio_cynocephalus",4.1651870546482,4.53314001916648,4.85639372978509
"Papio_hamadryas",4.36003872816116,4.81782946833191,5.10436959056765
"Papio_papio",4.50942826299609,4.90362990786173,5.19494445762393
"Papio_ursinus",4.52074128970461,4.95496784664469,5.25082823424092
"Paragalago_granti",1.40703600818329,1.46403750374231,1.64652384857152
"Paragalago_orinus",1.20680558820232,1.18668672386787,1.25380756557096
"Paragalago_zanzibaricus",1.46087896966444,1.56978107219122,1.476696607608
"Paralouatta_varonai",3.72424659795123,3.72424659795123,3.6580980297745
"Paranthropus_aethiopicus",5.45984080070471,5.67352129438725,5.72588391927935
"Paranthropus_boisei",5.48871839540206,5.7081912139171,5.78369852183068
"Paranthropus_robustus",5.31518287232941,5.47611335172488,5.51799519137588
"Parapapio_ado",4.16555708435669,4.49703389159397,4.72404429287639
"Parapapio_jonesi",4.19973079183503,4.48804711108113,4.63476068972833
"Parapapio_lothagamensis",3.72718841531184,4.01962101602616,4.23844490619586
"Parapapio_whitei",4.39461375017935,4.84221664247129,5.07387609856367
"Parapithecus_fraasi",2.52474211785101,2.63513627796762,2.50338192595507
"Paromomys_depressidens",1.2402500872715,1.35691724976334,1.35177137565554
"Paromomys_farrandi",1.34872228821213,1.59013276137609,1.66545192169285
"Paromomys_maturus",1.88846539170197,1.95856309517863,1.94583371756307
"Patasola_magdalenae",1.82628166159978,1.74745921033147,1.22405826476138
"Paukkaungia_parva",2.17424022705682,2.07657493689154,2.11293918682648
"Pelycodus_jarrovii",3.27032910645712,3.41690667536733,3.55649026606819
"Periconodon_huerzeleri",1.92677991469994,1.97491092847127,1.93423511747481
"Perodicticus_potto",1.88896179718442,2.01122961517596,1.84884843621218
"Phaner_furcifer",1.55143983885563,1.56245608473825,1.44188764346737
"Phenacolemur_praecox",1.76198731089438,1.76276681563869,2.07557068239489
"Phenacolemur_simonsi",0.821980052402914,0.896088024556635,1.17798113096765
"Phileosimias_brahuiorum",2.1411204286358,2.28265061003659,2.1380539946372
"Phileosimias_kamali",1.4395004749014,1.68049908351404,1.60040372679172
"Picromomys_petersonorum",-0.192371892647456,-0.123549595227244,-0.0150598946855161
"Piliocolobus_badius",3.62635594495372,3.79044356538569,4.02507906582538
"Piliocolobus_kirkii",3.33250293081453,3.49511320136836,3.71247319668921
"Piliocolobus_rufomitratus",3.63655021993864,3.78288628414041,3.96575287923948
"Piliocolobus_tholloni",3.47647877223398,3.64922864848414,3.87235659296568
"Pithecia_monachus",2.68062120887097,2.70684178793169,2.71712857600467
"Pithecia_pithecia",2.51693816097183,2.58363324155078,2.55898648076293
"Platychoerops_antiquus",2.99483186831083,3.13936497573283,3.65242032427689
"Platychoerops_daubrei",3.01906298356615,3.16387461200799,3.56898888667178
"Plecturocebus_brunneus",2.30258509299405,2.41435005632487,2.17595837954305
"Plecturocebus_caligatus",2.37170295666915,2.39368186338792,2.17794264778677
"Plecturocebus_cupreus",2.3339626286863,2.3233064158073,2.15364995521772
"Plecturocebus_hoffmannsi",2.40016542133291,2.33583851801435,2.089391872533
"Plecturocebus_moloch",2.36478559865953,2.43437622223827,2.26207829002378
"Plesiadapis_anceps",2.09811608194464,2.226394954636,2.53601951123184
"Plesiadapis_churchilli",2.42894457886793,2.58021682959233,2.72063731660768
"Plesiadapis_cookei",3.31748963258867,3.46057887817724,3.88834283015011
"Plesiadapis_dubius",2.02022218201986,2.16899655587966,2.52383564195454
"Plesiadapis_fodinatus",2.22189411393533,2.37428091977408,2.67925627293656
"Plesiadapis_gingerichi",2.95446573579459,3.09392654793212,3.50523001607579
"Plesiadapis_ploegi",2.76816754027766,2.92211178256202,3.27753948525593
"Plesiadapis_praecursor",1.92049058579238,2.18605127673809,2.2512917986065
"Plesiadapis_remensis",2.4545505297731,2.70270259477561,3.05588619637374
"Plesiadapis_rex",2.20348273195083,2.41193264982933,2.74042058113266
"Plesiadapis_simonsi",2.73469213204863,2.90012880257385,3.22357672275698
"Plesiadapis_tricuspidens",2.77746431718653,3.06242316418158,3.52723661132834
"Plesiadapis_walbeckensis",2.04057076729084,2.29471419861348,2.61996188078087
"Plesiolestes_problematicus",1.38939787357252,1.52545829863883,1.44065624903073
"Plesiopithecus_teras",2.30362595735674,2.23885704333572,2.09881060763055
"Pliopithecus_antiquus",3.4344953414907,3.56489213192649,3.39346719309323
"Pondaungia_cotteri",3.63290680756224,3.81779276228226,3.80118197445284
"Pongo_abelii",4.98730299667386,5.13423991225682,5.09079863499567
"Pongo_pygmaeus",5.06501572946777,5.17232566034695,5.11093673517574
"Pongo_tapanuliensis",5.02816637279007,5.14753360395495,5.1833593025242
"Premnoides_douglassi",1.01794438560065,1.05745097136672,1.22756111006565
"Presbytis_comata",3.36259637570995,3.46895515987112,3.51802364700256
"Presbytis_frontata",3.43993720997809,3.59212761061171,3.68109926679497
"Presbytis_melalophos",3.27925518186646,3.3602191140925,3.34622287993521
"Presbytis_potenziani",3.63032507018068,3.76183289161624,3.82221564819466
"Presbytis_rubicunda",3.28789802925827,3.27485457685066,3.38912164346999
"Presbytis_thomasi",3.32834140321491,3.41336595995523,3.55684979047264
"Procolobus_verus",3.08188303322573,3.24083567185903,3.50632167376922
"Proconsul_africanus",4.16020362726263,4.46462424886935,4.59297691855531
"Proconsul_major",4.77671029516075,5.14092570469351,5.28506856738423
"Prohylobates_tandyi",3.47389316667264,3.67039083812664,3.4498863502353
"Prolemur_simus",3.25546440070331,3.39367050156375,3.54273068902621
"Pronothodectes_gaoi",1.94591014905531,2.25457062789229,2.5326821900532
"Pronothodectes_jepi",1.65192252404026,1.85200754957341,2.12680211303967
"Pronothodectes_matthewi",1.46605712380401,1.5685409151012,1.85550861639195
"Propithecus_coquereli",3.39125927295652,3.35807239005649,3.3226951535072
"Propithecus_coronatus",3.1968945147332,3.23805647053861,3.31929443548403
"Propithecus_deckenii",3.47506723022861,3.39055764655781,3.30008708029302
"Propithecus_diadema",3.53591580234123,3.57630196587769,3.61494819870344
"Propithecus_edwardsi",3.18468127027136,3.39475756783399,3.56413228129902
"Propithecus_tattersalli",3.50765729276328,3.38235429386068,3.27336401015227
"Propithecus_verreauxi",3.37889261836845,3.34037417242021,3.29230052793247
"Propliopithecus_ankeli",3.35384368527869,3.38031417074573,3.56331623113859
"Propliopithecus_chirobates",3.15096400149118,3.34884373295963,3.36079196702712
"Propliopithecus_haeckeli",3.14749904097585,3.22417408586214,3.19767230098245
"Propotto_leakeyi",2.56763804738546,2.4234744102695,1.88706964903238
"Proteopithecus_sylviae",2.0378639095573,1.98658252271607,1.71133038136375
"Pseudoloris_parvulus",0.651022254259274,0.679909953777925,0.666939553727338
"Purgatorius_titusi",0.907311141820851,0.967466559045242,0.876249682336971
"Purgatorius_unio",0.939409228144464,1.03200353719284,1.0786946597595
"Pygathrix_nemaeus",3.60437167818748,3.79823035695132,4.05327199480194
"Qatrania_basiodontos",1.47039133912147,1.51649991677483,1.21972311441717
"Qatrania_wingi",1.58558087631912,1.6388623852655,1.29323838867996
"Rangwapithecus_gordoni",4.02677006333724,4.30517885305222,4.56708287473659
"Rhinopithecus_avunculus",3.61416219381778,3.84540231808625,4.13050932867182
"Rhinopithecus_bieti",3.85465233376898,4.14936527614217,4.49485994060435
"Rhinopithecus_brelichi",3.65123599643901,3.98720399098274,4.15643634252909
"Rhinopithecus_lantianensis",4.10824746739109,4.44851637594271,4.78849124311513
"Rhinopithecus_roxellana",3.87954500898226,4.16676454057508,4.39802751834822
"Rukwapithecus_fleaglei",3.83839368793177,4.23767837872249,4.52729512726513
"Saguinus_geoffroyi",1.81968252007393,1.41222275600725,0.908583929561101
"Saguinus_graellsi",1.59132587528475,1.39293113269909,0.849371539499839
"Saguinus_imperator",1.71312202371098,1.54075749212919,0.995181447179958
"Saguinus_inustus",1.60367131753976,1.15057202759882,0.65042028415149
"Saguinus_labiatus",1.60367131753976,1.32225571502397,0.793008523169025
"Saguinus_leucopus",1.78842056796254,1.46016420968635,0.942487968613013
"Saguinus_martinsi",1.62186043243266,1.23073644159515,0.720439325962962
"Saguinus_midas",1.56639992274253,1.26058940474483,0.734743569054356
"Saguinus_mystax",1.68454538492091,1.42836557504058,0.896431897221813
"Saguinus_niger",1.6287506768664,1.32458483647677,0.799686300049261
"Saguinus_oedipus",1.39730477345244,1.21619471161052,0.665890756808431
"Saharagalago_misrensis",1.35346947101538,1.41946118339385,1.46638960296906
"Sahelanthropus_tchadensis",4.74711058206987,4.99518088757125,4.87438514614639
"Saimiri_boliviensis",1.98499876204022,1.80350635048393,1.44215127430541
"Saimiri_oerstedii",1.95271032231733,1.79994020131825,1.43624296733665
"Saimiri_sciureus",2.16234402808023,1.94973596414,1.50218360468349
"Sapajus_apella",3.15167062476114,3.04864712750291,2.62239971025697
"Sapajus_nigritus",3.15453568405195,3.10812301913302,2.61523656899434
"Saxonella_naylori",0.840100593516109,0.837247524533702,1.02250950517764
"Sciurocheirus_alleni",1.91979021236999,1.94724658895488,1.99458351124115
"Semnopithecus_entellus",3.83576788726023,4.06110552767985,4.27501287186189
"Semnopithecus_johnii",3.22644722269215,3.59550034608975,3.84530896400591
"Semnopithecus_vetulus",3.46971207823564,3.6442106340117,3.84695863561868
"Serapia_eocaena",2.22702822554445,2.17594169500293,1.63926512525224
"Shoshonius_cooperi",1.2977555151129,1.42561506927351,1.5542063469114
"Siamoadapis_maemohensis",2.20856283346424,2.39468102171444,2.28318624714952
"Siamopithecus_eocaenus",3.62145410342408,3.56920024685992,3.67508094099591
"Simias_concolor",3.49200924370033,3.7526886859472,3.99058081118031
"Simiolus_enjiessi",3.39144956698506,3.63968920992316,3.82907608460722
"Simonsius_grangeri",2.99896758311944,3.04796504256845,2.85312570059858
"Sinoadapis_carnosus",3.55047908437791,3.5889209877451,3.62780160460535
"Sinoadapis_shihuibaensis",3.58462943274014,3.69262244039277,3.60332156575229
"Sivaladapis_nagrii",3.23823819840417,3.46809686353724,3.48715894853467
"Sivaladapis_palaeindicus",3.3957455101444,3.43477399166112,3.57626480182467
"Sivapithecus_indicus",5.05910794754703,5.26746117305832,5.30086087464918
"Sivapithecus_parvada",5.16501451923362,5.41449912083745,5.62473926731575
"Smilodectes_gracilis",2.79818607448127,2.92379772489489,2.99322914333587
"Smilodectes_mcgrewi",2.93835486397387,3.07351602144158,3.17034922596239
"Smilodectes_sororis",2.75584939823548,2.89140521402547,2.9822031364673
"Soriacebus_ameghinorum",2.85109178372772,2.72129542785223,2.34564458245449
"Sphacorhysis_burntforkensis",1.04731899428056,1.28093384546206,0.993251773010283
"Steinius_vespertinus",1.43730514122904,1.42612166109551,1.3732563314216
"Stirtonia_tatacoensis",3.4511931679834,3.67197353653122,3.53132996651531
"Stirtonia_victoriae",3.93045165636428,4.14402718517455,4.0140284566853
"Stockia_powayensis",1.70459580791648,1.62924053973028,1.85854546290611
"Strigorhysis_bridgerensis",1.47132461030447,1.65129936652902,1.36665901458238
"Symphalangus_syndactylus",3.89977619306902,4.11331665604157,4.11257479046827
"Tarsius_sangirensis",1.57125173796109,1.73367536236061,1.86136715168001
"Tarsius_sirindhornae",1.98319675860323,2.06800924431716,2.14162387757936
"Tarsius_tarsier",1.63802536928601,1.60993778747575,1.77155676191054
"Teilhardina_americana",1.08662967189794,1.17231246339805,0.960307617290929
"Teilhardina_asiatica",0.891616819108941,0.986195827158431,0.651276459234587
"Teilhardina_belgica",0.980610267259237,1.04623670424587,0.895455913112828
"Teilhardina_brandti",1.04973691376775,1.10579867017384,0.836133869537075
"Teilhardina_crassidens",1.104461813457,1.10694414878765,0.964347785832321
"Teilhardina_demissa",1.04731899428056,1.08010881710355,0.955511445027436
"Teilhardina_tenuicula",0.901054243878738,0.937916146977164,0.855761642352418
"Tetonius_matthewi",1.46445737057481,1.39562618390469,1.18028616526198
"Tetonius_mckennai",1.2174022246376,1.18662316599082,0.930650760878092
"Tetonoides_pearcei",0.917290232207239,0.982153375973858,1.05152068113426
"Theropithecus_gelada",4.34819353774643,4.7935453748585,5.11007640142152
"Theropithecus_oswaldi",4.65885199789651,5.06507557030119,5.47945603350861
"TheropithecusOmopithecus_baringensis",4.45271806279642,4.73092139129365,5.03073199579538
"TheropithecusOmopithecus_brumpti",4.69935852464267,4.9446379315891,5.24461767032475
"Tinimomys_graybulliensis",0.0507105255215343,0.00930256024524696,0.209431311095074
"Torrejonia_wilsoni",2.24601474150565,2.25692002114064,2.45602523852257
"Trachypithecus_cristatus",3.60177001549824,3.84057144419638,3.96231125691642
"Trachypithecus_francoisi",3.49919194630076,3.66356442390357,3.85400948098728
"Trachypithecus_obscurus",3.38041144991655,3.5995932577159,3.72400867394654
"Trachypithecus_phayrei",3.56104608260405,3.6312503412773,3.72569342723665
"Trachypithecus_pileatus",3.6461714366078,3.83269754047454,3.94175737104768
"Trogolemur_amplior",1.34196688059845,1.33565874515131,1.28973973030763
"Trogolemur_fragilis",0.938019720692131,0.940074573022672,0.85015092936961
"Trogolemur_myodes",0.865373993773369,0.852687148032069,0.967208078051012
"Turkanapithecus_kalakolensis",3.77691955070819,4.16511363311031,4.22741751644646
"Ucayalipithecus_perdita",1.27911533989094,1.30263418077473,1.26271329934854
"Uintanius_ameghini",1.11514159061932,1.15662339138181,0.985219547068199
"Uintanius_rutherfurdi",1.16315080980568,1.20351449354136,1.03324416008983
"Utahia_carina",0.592165950705832,0.85662564955242,0.905957527734364
"Utahia_kayi",1.03236564284918,1.27745273354939,1.33675550885981
"Varecia_rubra",3.56188311224748,3.40454480795923,2.88204364436385
"Varecia_variegata",3.6668197360492,3.47066690720828,2.9885708894769
"Vectipithex_quaylei",1.85734286161109,1.88738652209005,1.76394281523128
"Vectipithex_smithorum",2.46470394247048,2.51013570383378,2.3312891611224
"Victoriapithecus_macinnesi",3.44034420930209,3.85900089082508,3.84835327229607
"Wadilemur_elegans",1.20308536066427,1.27086204473173,1.31028317637089
"Wailekia_orientale",2.7059976652705,2.80699014895711,2.71071331852169
"Walshina_esmaraldensis",0.996358054629353,1.03859488986187,0.924933277255497
"Walshina_mcgrewi",1.29524758010152,1.2947271675944,1.20664918472269
"Walshina_shifrae",0.569907665704243,0.566502732681996,0.458701340952388
"Washakius_insignis",1.47155420507071,1.58522718371904,1.83617499925844
"Washakius_woodringi",1.10147485428159,1.18881855655426,1.33070236686278
"Xenothrix_mcgregori",3.42518513885424,3.24155014190707,3.18405055159428
"Yaquius_travisi",2.79361608943186,2.85589532836619,2.65253749117195
"Yunnanadapis_folivorus",2.7527940949116,2.9539775525129,2.81923373006282
