,tax,Species,Genus,m1bl,m1md,m2bl,m2md,m3bl,m3md,m1a,m2a,m3a,M2,M3
1,FOSSIL,Absarokius_abbotti,Absarokius,2.16,2.39,2.16,2.33,1.585,2.175,5.1624,5.0328,3.447375,0.974895397,0.667785332
2,FOSSIL,Acidomomys_hebeticus,Acidomomys,2.04,2.28,2.27,2.5,2.07,3.6,4.6512,5.675,7.452,1.220115239,1.602167183
3,FOSSIL,Aegyptopithecus_zeuxis,Aegyptopithecus,5.032166667,5.714,6.0695,6.522,5.24875,5.6125,28.75380033,39.585279,29.45860938,1.37669729,1.024511857
4,FOSSIL,Afrasia_djijidae,Afrasia,NA,NA,1.41,2.09,1.27,2.05,NA,2.9469,2.6035,NA,NA
5,FOSSIL,Afropithecus_turkanensis,Afropithecus,NA,10.4,10.875,12.38,11.5,14.2,NA,134.6325,163.3,NA,NA
6,FOSSIL,Agerinia_marandati,Agerinia,2.37,3.405,2.5,3.05,2.435,3.865,8.06985,7.625,9.411275,0.94487506,1.166226758
7,FOSSIL,Agerinia_roselli,Agerinia,2.487,3.24,2.623,3.231,2.12,3.726666667,8.05788,8.474913,7.900533333,1.05175468,0.980472945
8,FOSSIL,Agerinia_smithorum,Agerinia,2.52,3.265,2.31,3.12,NA,NA,8.2278,7.2072,NA,0.875957121,NA
9,Cercopithecini,Allenopithecus_nigroviridis,Allenopithecus,4.791428571,5.94,5.720625,6.64625,5.579375,6.463125,28.46108571,38.02070391,36.06019805,1.33588382,1.267000086
10,Cercopithecini,Allochrocebus_lhoesti,Allochrocebus,4.592,6.395925926,5.386666667,6.788518519,5.223461538,6.613703704,29.37009185,36.56748642,34.54642692,1.245058633,1.17624511
11,Cercopithecini,Allochrocebus_preussi,Allochrocebus,4.274285714,5.953571429,5.032857143,6.47,4.961428571,6.282857143,25.44726531,32.56258571,31.17194694,1.279610415,1.224962548
12,Atelidae,Alouatta_belzebul,Alouatta,5.031578947,7.0935,5.4105,7.6435,5.4745,8.407,35.69150526,41.35515675,46.0241215,1.158683458,1.289497912
13,Atelidae,Alouatta_caraya,Alouatta,4.8545,6.568,5.2535,7.327,5.1525,8.769,31.884356,38.4923945,45.1822725,1.207250179,1.417067119
14,Atelidae,Alouatta_guariba,Alouatta,4.994444444,6.842777778,5.39,7.450555556,5.386666667,8.657222222,34.17587346,40.15849444,46.63357037,1.175053931,1.364517294
15,Atelidae,Alouatta_palliatus,Alouatta,5.399714286,7.023142857,5.660857143,7.779142857,5.704571429,8.149705882,37.92296482,44.03661641,46.49057933,1.161212385,1.225921537
16,Atelidae,Alouatta_pigra,Alouatta,4.722352941,7.097058824,5.125625,7.700588235,5.063529412,8.517647059,33.51481661,39.47032757,43.1293564,1.177697853,1.286874307
17,Atelidae,Alouatta_seniculus,Alouatta,5.521351351,7.279,6.02275,7.91,5.777631579,8.766666667,40.18991649,47.6399525,50.65057018,1.185370776,1.260280553
18,FOSSIL,Altanius_orlovi,Altanius,1.015,1.105,1.108333333,1.108333333,1.016,1.554,1.121575,1.228402778,1.578864,1.095248002,1.407720393
19,FOSSIL,Altiatlasius_koulchii,Altiatlasius,2.422,1.343,2.697,1.68,2.1385,1.147,3.252746,4.53096,2.4528595,1.392964591,0.754088853
20,FOSSIL,Anaptomorphus_westi,Anaptomorphus,2.23,2.83,2.5,2.8,2.03,2.77,6.3109,7,5.6231,1.109192033,0.89101396
21,FOSSIL,Anchomomys_frontanyensis,Anchomomys,1.1655,1.739,1.373,2.008,1.2695,2.246,2.0268045,2.756984,2.851297,1.360261436,1.406794291
22,FOSSIL,Anemorhysis_savagei,Anemorhysis,1.4,1.73,1.47,1.7,1.22,1.95,2.422,2.499,2.379,1.031791908,0.982246078
23,FOSSIL,Aotus_azarae,Aotus,3.116666667,3.233333333,2.983333333,3.183333333,2.55,2.933333333,10.07722222,9.496944444,7.48,0.942416892,0.742268041
24,FOSSIL,Aotus_dindensis,Aotus,2.9735,3.2146,2.8335,3.5785,2.516,3.1295,9.5586131,10.13967975,7.873822,1.060789849,0.823741051
25,Aotidae,Aotus_lemurinus,Aotus,2.857692308,3.165,2.926923077,3.203076923,2.6,2.914615385,9.044596154,9.375159763,7.578,1.036548189,0.837848354
26,FOSSIL,Aotus_nancymaae,Aotus,3.1,3.175,3.125,3.325,2.775,3.15,9.8425,10.390625,8.74125,1.055689611,0.888112776
27,FOSSIL,Aotus_nigriceps,Aotus,2.85,2.95,2.75,3.025,2.325,2.75,8.4075,8.31875,6.39375,0.989443949,0.760481713
28,Aotidae,Aotus_trivirgatus,Aotus,2.8604,3.2504,2.919565217,3.2536,2.791666667,3.0668,9.29744416,9.499097391,8.561483333,1.021689104,0.920842673
29,Aotidae,Aotus_vociferans,Aotus,3,3.05,2.825,2.9,2.4,2.7,9.15,8.1925,6.48,0.895355191,0.708196721
30,FOSSIL,Apidium_bowni,Apidium,2.206,2.746,2.3875,2.923333333,2.136666667,2.928333333,6.057676,6.979458333,6.256872222,1.152167652,1.032883274
31,FOSSIL,Apidium_moustafai,Apidium,2.626214286,3.3668,2.91125,3.592333333,2.7251,3.6474,8.841938257,10.45818042,9.93952974,1.182792744,1.124134715
32,FOSSIL,Apidium_phiomense,Apidium,2.901428571,3.605714286,3.167142857,3.6875,2.94,4.006,10.46172245,11.67883929,11.77764,1.116340004,1.125784024
33,FOSSIL,Arapahovius_advena,Arapahovius,1.583333333,1.833333333,1.683333333,1.766666667,1.45,2.225,2.902777778,2.973888889,3.22625,1.024497608,1.111435407
34,FOSSIL,Archaeolemur_edwardsi,Archaeolemur,9.03737037,8.964,8.961222222,8.576444444,8.090086957,7.808782609,81.010988,76.85542454,63.17373033,0.948703706,0.779816811
35,FOSSIL,Arcius_hookeri,Arcius,NA,NA,2.0815,2.351,1.7165,3.143,NA,4.8936065,5.3949595,NA,NA
36,Lorisidae,Arctocebus_calabarensis,Arctocebus,2.566666667,2.966666667,2.533333333,3.066666667,2.066666667,3.733333333,7.614444444,7.768888889,7.715555556,1.020283088,1.013278856
37,Hominidae,Ardipithecus_ramidus,Ardipithecus,10.25,10.95,11.85,12.85,11,13,112.2375,152.2725,143,1.356698964,1.274083974
38,FOSSIL,Arsinoea_kallimos,Arsinoea,2.161,2.612,2.423,2.553,1.6665,2.666,5.644532,6.185919,4.442889,1.095913532,0.787113794
39,FOSSIL,Aseanpithecus_myanmarensis,Aseanpithecus,NA,NA,NA,NA,3.99,6.13,NA,NA,24.4587,NA,NA
40,Atelidae,Ateles_belzebuth,Ateles,4.8,5,4.75,5.2,4.175,4.325,24,24.7,18.056875,1.029166667,0.752369792
41,Atelidae,Ateles_fusciceps,Ateles,5.02,5.42,4.92,5.5,4.525,4.8,27.2084,27.06,21.72,0.994545802,0.798282883
42,Atelidae,Ateles_geoffroyi,Ateles,5.063448276,5.343571429,5.189032258,5.31547619,4.650810811,4.9675,27.05689754,27.58217742,23.1029027,1.019413899,0.853863702
43,Atelidae,Ateles_marginatus,Ateles,4.65,5.2,4.75,5.475,4,4.475,24.18,26.00625,17.9,1.075527295,0.740281224
44,Atelidae,Ateles_paniscus,Ateles,4.957142857,5.392068966,4.891923077,5.363793103,4.444230769,4.881851852,26.72925616,26.23926326,21.69607621,0.981668293,0.811697717
46,Hominidae,Australopithecus_africanus,Australopithecus,12.65,13.74,14.48,15.37,13.89,16.1,173.811,222.5576,223.629,1.280457508,1.286621675
47,Hominidae,Australopithecus_anamensis,Australopithecus,12.21,12.7,13.5,13.15,12.76,14.83,155.067,177.525,189.2308,1.14482772,1.220316379
48,Hominidae,Australopithecus_sediba,Australopithecus,11.5,13.1,13.2,14.5,13.6,14.9,150.65,191.4,202.64,1.270494524,1.345104547
49,Indriidae,Avahi_laniger,Avahi,3.817,4.184772727,3.766777778,3.823222222,3.178222222,3.133888889,15.9732775,14.40122851,9.960195309,0.901582565,0.623553639
50,Indriidae,Avahi_occidentalis,Avahi,1.878,4.104,2.245,3.653,2.347,3.807,7.707312,8.200985,8.935029,1.064052552,1.1592925
51,Indriidae,Babakotia_radofilai,Babakotia,5.2606,9.4238,6.1888,8.793,6.3952,10.2624,49.57484228,54.4181184,65.63010048,1.097696249,1.323858987
52,FOSSIL,Bahinia_banyueae,Bahinia,1.725,NA,1.85,NA,NA,NA,NA,NA,NA,NA,NA
53,FOSSIL,Berruvius_lasseroni,Berruvius,0.89,1.21,0.945,1.16,0.81,1.115,1.0769,1.0962,0.90315,1.017921813,0.838657257
54,FOSSIL,Biretia_fayumensis,Biretia,1.725,2.3,1.841666667,2.266666667,1.525,2.2,3.9675,4.174444444,3.355,1.05215991,0.845620668
55,FOSSIL,Biretia_megalopsis,Biretia,1.854875,2.53975,1.977375,2.443,1.584333333,2.272333333,4.710918781,4.830727125,3.600133444,1.025432055,0.764210468
56,FOSSIL,Biretia_piveteaui,Biretia,1.9,2.5,1.97,2.66,1.505,2.49,4.75,5.2402,3.74745,1.1032,0.788936842
57,Atelidae,Brachyteles_arachnoides,Brachyteles,5.8725,7.60625,6.05875,7.56,5.66875,6.96625,44.66770313,45.80415,39.48992969,1.02544225,0.884082389
58,FOSSIL,Branisella_boliviana,Branisella,2.681,2.978333333,2.643125,3.077777778,2.29,2.82,7.984911667,8.134951389,6.4578,1.018790405,0.808750337
59,FOSSIL,Brontomomys_cerutti,Brontomomys,3.027142857,3.865714286,3.298,3.562,2.84,4.1,11.70206939,11.747476,11.644,1.003880221,0.995037682
60,FOSSIL,Bugtipithecus_inexpectans,Bugtipithecus,2.032,2.714,NA,NA,2.0265,3.074,5.514848,NA,6.229461,NA,1.129579818
61,Pithecidae,Cacajao_calvus,Cacajao,4.366315789,4.577368421,4.474210526,4.441052632,3.9,4.059285714,19.98623601,19.87020443,15.83121429,0.994194426,0.792105841
62,Pithecidae,Cacajao_melanocephalus,Cacajao,4.326,4.315,4.4805,4.467,4.039,4.162,18.66669,20.0143935,16.810318,1.072198312,0.900551624
63,Pithecidae,Callicebus_personatus,Callicebus,3.432,4.213666667,3.724,4.331,3.306,4.417,14.461304,16.128644,14.602602,1.115296657,1.009770765
64,Callitrichidae,Callimico_goeldii,Callimico,2.816,2.864,2.465,2.817,0,0,8.065024,6.943905,0,0.860989998,0
65,Callitrichidae,Callithrix_aurita,Callithrix,2.0795,2.519,1.773,2.1975,0,0,5.2382605,3.8961675,0,0.743790329,0
66,Callitrichidae,Callithrix_jacchus,Callithrix,2.101666667,2.3,1.755,1.903333333,0,0,4.833833333,3.34035,0,0.69103541,0
67,Callitrichidae,Callithrix_penicillata,Callithrix,2.3175,2.48875,1.94125,2.06625,0,0,5.767678125,4.011107813,0,0.695445849,0
68,FOSSIL,Cantius_abditus,Cantius,4.025,4.4,4.55,5.5,4.15,7.1,17.71,25.025,29.465,1.413043478,1.663749294
69,FOSSIL,Cantius_eppsi,Cantius,NA,3.4,NA,NA,NA,NA,NA,NA,NA,NA,NA
70,FOSSIL,Cantius_mckennai,Cantius,3.01875,4.145,3.4325,4.15,2.92375,4.9025,12.51271875,14.244875,14.33368438,1.138431646,1.145529174
71,FOSSIL,Cantius_ralstoni,Cantius,2.86,4.02,3.31,3.93,2.96,4.8,11.4972,13.0083,14.208,1.131432001,1.235779146
72,FOSSIL,Cantius_torresi,Cantius,2.93,3.7,3.04,3.83,2.53375,4.39,10.841,11.6432,11.1231625,1.073996864,1.02602735
73,Tarsiidae,Carlito_syrichta,Carlito,2.41,2.755714286,2.588571429,2.705714286,3.76,2.38,6.641271429,7.003934694,8.9488,1.054607505,1.347452833
74,FOSSIL,Carlocebus_carmenensis,Carlocebus,NA,NA,4.228,4.557,3.942785714,4.887857143,NA,19.266996,19.27177332,NA,NA
75,FOSSIL,Carlocebus_intermedius,Carlocebus,NA,NA,NA,NA,3.905,5.13,NA,NA,20.03265,NA,NA
76,FOSSIL,Carpocristes_rosei,Carpocristes,1.2295,1.195,1.1675,1.36,1.313,1.972,1.4692525,1.5878,2.589236,1.080685587,1.76228116
77,FOSSIL,Carpodaptes_aulacodon,Carpodaptes,1.5,1.45,1.45,1.25,1.45,1.5,2.175,1.8125,2.175,0.833333333,1
78,FOSSIL,Carpodaptes_cygneus,Carpodaptes,1.24,1.366666667,1.29625,1.2875,1.128,1.765,1.694666667,1.668921875,1.99092,0.984808345,1.174815106
79,FOSSIL,Carpodaptes_hazelae,Carpodaptes,1.339351852,1.474074074,1.359756098,1.297560976,1.481578947,1.573684211,1.974303841,1.764366449,2.331537396,0.893665105,1.180941529
80,FOSSIL,Carpodaptes_hobackensis,Carpodaptes,1.2,1.4,1.25,1.35,1.1,1.8,1.68,1.6875,1.98,1.004464286,1.178571429
81,FOSSIL,Carpodaptes_jepseni,Carpodaptes,1.7,1.9,1.7,1.7,NA,NA,3.23,2.89,NA,0.894736842,NA
82,FOSSIL,Carpolestes_dubius,Carpolestes,1.690714286,1.897142857,1.648823529,1.658235294,1.531,2.405,3.207526531,2.73413737,3.682055,0.852413018,1.147942181
83,FOSSIL,Carpolestes_nigridens,Carpolestes,1.516666667,1.816666667,1.466666667,1.566666667,1.4,2.3,2.755277778,2.297777778,3.22,0.833955036,1.168666196
84,FOSSIL,Carpolestes_simpsoni,Carpolestes,1.317058824,1.753,1.308,1.475,1.298888889,2.115,2.308804118,1.9293,2.74715,0.835627408,1.189858412
85,FOSSIL,Catopithecus_browni,Catopithecus,2.802480769,3.267296296,2.63825,3.139185185,2.0285,2.918,9.156535038,8.281955315,5.919163,0.904485734,0.646441364
86,Callitrichidae,Cebuella_pygmaea,Cebuella,1.508333333,1.703888889,1.245945946,1.56,0,0,2.570032407,1.943675676,0,0.756284501,0
87,Pithecidae,Cebupithecia_sarmientoi,Cebupithecia,NA,3.51,NA,NA,NA,NA,NA,NA,NA,NA,NA
88,Cebidae,Cebus_albifrons,Cebus,4.375,4.675,4.1,4.45,3.675,3.25,20.453125,18.245,11.94375,0.892039725,0.583957219
89,Cebidae,Cebus_capucinus,Cebus,4.825961538,4.749433962,4.555384615,4.348301887,4.073529412,3.895686275,22.92058563,19.80818752,15.86919262,0.864209486,0.69235546
90,Cebidae,Cebus_olivaceus,Cebus,4.1875,4.5,3.8,4.125,3.35,3.4625,18.84375,15.675,11.599375,0.831840796,0.615555556
91,Tarsiidae,Cephalopachus_bancanus,Cephalopachus,2.5,2.566666667,2.633333333,2.7,2.266666667,3.2,6.416666667,7.11,7.253333333,1.108051948,1.13038961
92,Papionini,Cercocebus_agilis,Cercocebus,6.47,7.295652174,7.759130435,8.214782609,7.280434783,8.655909091,47.20286957,63.73956975,63.01878162,1.350332519,1.335062512
93,Papionini,Cercocebus_atys,Cercocebus,6.494444444,7.055555556,7.468888889,8.201111111,7.062857143,9.22,45.82191358,61.25318765,65.11954286,1.336766252,1.421144116
94,Papionini,Cercocebus_galeritus,Cercocebus,5.5,6.75,6.62,7.37,6,7.75,37.125,48.7894,46.5,1.314192593,1.252525253
95,Papionini,Cercocebus_torquatus,Cercocebus,6.573684211,7.847179487,7.763846154,8.593589744,7.481315789,9.863589744,51.58487989,66.71930868,73.79262969,1.293388854,1.430508898
96,Cercopithecini,Cercopithecus_ascanius,Cercopithecus,3.649375,4.745625,4.264,5.2375,3.564375,5.225,17.31856523,22.3327,18.62385938,1.289523682,1.075369647
97,Cercopithecini,Cercopithecus_cephus,Cercopithecus,3.996410256,5.5995,4.80725,5.97775,4.57025,5.6375,22.37789923,28.73653869,25.76478438,1.284148185,1.151349557
98,Cercopithecini,Cercopithecus_denti,Cercopithecus,3.76,4.745,4.64,5.198333333,3.962,4.962,17.8412,24.12026667,19.659444,1.351941947,1.101912652
99,Cercopithecini,Cercopithecus_diana,Cercopithecus,4.311515152,6.129714286,5.070588235,6.604571429,4.819714286,6.404571429,26.42835602,33.48906218,30.86820441,1.267164033,1.167995633
100,Cercopithecini,Cercopithecus_erythrogaster,Cercopithecus,4.016666667,5.603333333,4.873333333,6.04,4.58,5.705,22.50672222,29.43493333,26.1289,1.307828525,1.160937596
101,Cercopithecini,Cercopithecus_erythrotis,Cercopithecus,3.841,5.542727273,4.64,5.958181818,4.530909091,5.606363636,21.28961545,27.64596364,25.40192397,1.298565664,1.1931603
102,Cercopithecini,Cercopithecus_kandti,Cercopithecus,4.1,5.584,4.786,6.368,4.13,6.0775,22.8944,30.477248,25.100075,1.331209728,1.096341245
103,Cercopithecini,Cercopithecus_mitis,Cercopithecus,4.498717949,6.344102564,5.452105263,6.853589744,5.238684211,6.574473684,28.54032807,37.36649271,34.44159148,1.309252389,1.206769291
104,Cercopithecini,Cercopithecus_mona,Cercopithecus,4.041428571,5.622,5.122333333,6.113666667,5.013793103,5.98,22.72091143,31.31623856,29.98248276,1.378300279,1.319598593
105,Cercopithecini,Cercopithecus_neglectus,Cercopithecus,4.407105263,6.142195122,5.490243902,6.700487805,5.2455,6.681282051,27.06930045,36.78731231,35.046665,1.359004913,1.294701541
106,Cercopithecini,Cercopithecus_nictitans,Cercopithecus,4.197111111,6.063333333,5.194444444,6.685777778,4.974444444,6.394,25.4484837,34.72890123,31.80659778,1.364674675,1.24984255
107,Cercopithecini,Cercopithecus_petaurista,Cercopithecus,4.071176471,5.702941176,4.99,6.217647059,4.791764706,6.005294118,23.21767993,31.02605882,28.7759564,1.336311764,1.239398445
108,Cercopithecini,Cercopithecus_pogonias,Cercopithecus,4.075,5.518181818,5.179245283,5.954909091,4.927962963,5.717818182,22.48659091,30.84193482,28.17719623,1.371570059,1.253066609
109,Cercopithecini,Cercopithecus_wolfi,Cercopithecus,3.896285714,5.295142857,4.996,5.741714286,4.838285714,5.648857143,20.63138947,28.68560457,27.33078482,1.39038646,1.324718573
110,Cheirogaleidae,Cheirogaleus_major,Cheirogaleus,2.512888889,3.374944444,2.7765,3.295277778,2.364,3.482333333,8.480860395,9.14933875,8.232236,1.078821997,0.97068406
111,Cheirogaleidae,Cheirogaleus_medius,Cheirogaleus,1.626125,2.25875,1.749,2.2551875,1.5226875,2.480375,3.673009844,3.944322938,3.776836008,1.073866694,1.028267325
112,Cheirogaleidae,Cheirogaleus_sibreei,Cheirogaleus,2.118,2.508,2.064,2.643,1.989,2.809,5.311944,5.455152,5.587101,1.026959622,1.05179968
113,Pithecidae,Cheracebus_torquatus,Cheracebus,3.258,3.53,3.2695,3.574,2.805,3.328,11.50074,11.685193,9.33504,1.016038359,0.811690378
114,FOSSIL,Chiromyoides_caesor,Chiromyoides,2.28,2.42,2.595,2.635,2.595,3.85,5.5176,6.837825,9.99075,1.239275228,1.810705742
115,FOSSIL,Chiromyoides_campanicus,Chiromyoides,2.361,2.567,2.679,2.983,2.702,4.066,6.060687,7.991457,10.986332,1.318572795,1.812720571
116,FOSSIL,Chiromyoides_major,Chiromyoides,2.91,3.05,NA,NA,2.81,4.07,8.8755,NA,11.4367,NA,1.288569658
117,FOSSIL,Chiromyoides_mauberti,Chiromyoides,2.165,2.27,2.543333333,2.63,2.613333333,3.986666667,4.91455,6.688966667,10.41848889,1.361053742,2.119927336
118,FOSSIL,Chiromyoides_minor,Chiromyoides,2.3,2.13,2.26,2.35,2.18,3.26,4.899,5.311,7.1068,1.084098796,1.450663401
119,Pithecidae,Chiropotes_albinasus,Chiropotes,3.736666667,3.826,3.719,3.604333333,3.398666667,3.487666667,14.29648667,13.40451567,11.85341644,0.937609077,0.829113944
120,Pithecidae,Chiropotes_satanas,Chiropotes,3.645757576,3.810294118,3.59030303,3.651515152,3.184242424,3.285,13.89140865,13.11004591,10.46023636,0.943752088,0.753000407
121,Cercopithecini,Chlorocebus_aethiops,Chlorocebus,4.443558282,5.855614035,5.454913295,6.421149425,5.268678161,6.291034483,26.01976224,35.02681337,33.14543599,1.34616193,1.27385622
122,Cercopithecini,Chlorocebus_pygerythrus,Chlorocebus,4.714,5.978,5.511,6.928,5.213,6.621,28.180292,38.180208,34.515273,1.354854946,1.224801822
123,Colobinae,Colobus_angolensis,Colobus,5.282121212,7.062285714,6.149142857,7.542,5.956969697,9.213428571,37.30384918,46.37683543,54.88411481,1.2432185,1.471272161
124,Colobinae,Colobus_guereza,Colobus,5.558730159,7.383538462,6.4525,7.856615385,6.42515625,10.048125,41.04309792,50.69481077,64.56077314,1.235160437,1.572999515
125,Colobinae,Colobus_polykomos,Colobus,5.5272,7.2634,6.3126,7.427,6.326734694,9.2722,40.14626448,46.8836802,58.66274943,1.167821734,1.461225601
126,Colobinae,Colobus_satanas,Colobus,5.597111111,7.049111111,6.346444444,6.994222222,6.334772727,8.542727273,39.45465812,44.38844277,54.11623574,1.125049484,1.371605745
127,Daubentoniidae,Daubentonia_madagascariensis,Daubentonia,2.9078,4.100066667,3.7732,4.2072,3.154230769,3.024384615,11.92217385,15.87460704,9.539607012,1.331519506,0.800156677
128,FOSSIL,Dendropithecus_macinnesi,Dendropithecus,5.6,6.6,6.4,7.325,6.6,8.2,36.96,46.88,54.12,1.268398268,1.464285714
129,FOSSIL,Dionysopithecus_shuangouensis,Dionysopithecus,4.933333333,5.716666667,5.5,6.6,5.2,6.35,28.20222222,36.3,33.02,1.287132614,1.170829722
130,FOSSIL,Dolichocebus_gaimanensis,Dolichocebus,3.455,3.91,3.255,3.965,NA,NA,13.50905,12.906075,NA,0.955365107,NA
131,FOSSIL,Donrussellia_provincialis,Donrussellia,1.68,2.363,1.804666667,2.366666667,1.42,2.9,3.96984,4.271044444,4.118,1.075873195,1.037321403
132,Hominidae,Dryopithecus_brancoi,Dryopithecus,8.961333333,9.892,9.555333333,11.29066667,7.56575,9.929,88.64550933,107.8860836,75.12033175,1.217050749,0.847423996
133,Hominidae,Dryopithecus_crusafonti,Dryopithecus,9.3,NA,9.4,11.5,NA,NA,NA,108.1,NA,NA,NA
134,Hominidae,Dryopithecus_fontani,Dryopithecus,8.1,9.85,9.15,11,8.55,11.35,79.785,100.65,97.0425,1.261515322,1.216300056
135,FOSSIL,Elphidotarsius_florencae,Elphidotarsius,1.405555556,1.478947368,1.416666667,1.411111111,1.25,1.933333333,2.07874269,1.999074074,2.416666667,0.961674614,1.162561715
136,FOSSIL,Elphidotarsius_russelli,Elphidotarsius,1.328,1.464,1.378571429,1.435714286,1.18,1.966666667,1.944192,1.979234694,2.320666667,1.018024297,1.193640683
137,FOSSIL,Elphidotarsius_shotgunensis,Elphidotarsius,1.2,1.5,NA,NA,NA,NA,1.8,NA,NA,NA,NA
138,FOSSIL,Elphidotarsius_wightoni,Elphidotarsius,NA,NA,1,1.1,1.05,1.8,NA,1.1,1.89,NA,NA
139,FOSSIL,Equatorius_africanus,Equatorius,8.145454545,9.633333333,10.4,11.48571429,10.95,13.06666667,78.46787879,119.4514286,143.08,1.522297154,1.82342128
140,Cercopithecini,Erythrocebus_patas,Erythrocebus,5.232352941,6.914444444,6.379375,7.981578947,6.1425,7.768333333,36.17881373,50.9174852,47.7169875,1.407384045,1.318920733
141,Lemuridae,Eulemur_albifrons,Eulemur,3.664,5.9998,3.8412,5.6812,3.0126,5.183,21.9832672,21.82262544,15.6143058,0.992692544,0.7102814
142,Lemuridae,Eulemur_cinereiceps,Eulemur,3.7094,6.3994,3.7716,6.1786,2.9942,5.3956,23.73793436,23.30320776,16.15550552,0.981686418,0.680577563
143,Lemuridae,Eulemur_collaris,Eulemur,6.7,5.875,7.1,5.9,4.9,4.8,39.3625,41.89,23.52,1.064210861,0.597523023
144,Lemuridae,Eulemur_coronatus,Eulemur,3.2586,5.2012,3.151,4.9624,2.33075,4.04775,16.94863032,15.6365224,9.434293313,0.922583247,0.556640456
145,Lemuridae,Eulemur_fulvus,Eulemur,6.98125,5.9,7.190909091,5.963636364,5.385714286,4.942857143,41.189375,42.88396694,26.62081633,1.041141482,0.646302993
146,Lemuridae,Eulemur_macaco,Eulemur,6.755555556,5.611111111,6.844444444,5.733333333,4.9,4.1625,37.90617284,39.24148148,20.39625,1.035226681,0.538071994
147,Lemuridae,Eulemur_mongoz,Eulemur,5.98,4.79,5.9875,4.7875,4.385714286,3.785714286,28.6442,28.66515625,16.60306122,1.000731605,0.579630823
148,Lemuridae,Eulemur_rubriventer,Eulemur,7.133333333,5.866666667,6.6,5.3,4.733333333,4.4,41.84888889,34.98,20.82666667,0.835864486,0.497663551
149,Lemuridae,Eulemur_rufifrons,Eulemur,3.829,6.1605,3.8285,5.802,2.9415,5.398,23.5885545,22.212957,15.878217,0.941683688,0.67313226
150,Lemuridae,Eulemur_rufus,Eulemur,6.733333333,5.433333333,NA,NA,NA,NA,36.58444444,NA,NA,NA,NA
151,Lemuridae,Eulemur_sanfordi,Eulemur,3.922,6.08575,4.2,5.72,3.1585,4.51575,23.8683115,24.024,14.26299638,1.006522812,0.597570397
152,Galagidae,Euoticus_elegantulus,Euoticus,1.322,2.326,1.586,2.479,1.384,2.748,3.074972,3.931694,3.803232,1.278611317,1.236834677
153,Galagidae,Galago_matschiei,Galago,1.708,2.028,1.734,2.087,1.528,2.479,3.463824,3.618858,3.787912,1.044758048,1.093563645
154,Galagidae,Galago_moholi,Galago,3.058823529,2.441176471,3.275,2.21875,2.70625,1.725,7.467128028,7.26640625,4.66828125,0.97311928,0.625177609
155,Galagidae,Galago_senegalensis,Galago,3.15,2.4375,3.316666667,2.233333333,2.58,1.72,7.678125,7.407222222,4.4376,0.964717587,0.577953602
156,Galagidae,Galagoides_demidoff,Galagoides,1.476,1.9245,1.624,1.948,1.405,2.4005,2.840562,3.163552,3.3727025,1.113706372,1.187336344
157,Hominidae,Gigantopithecus_blacki,Gigantopithecus,18.75111111,20.61666667,18.92725,21.43216667,17.99842308,21.58984615,386.5854074,405.6519765,388.5831852,1.049320457,1.005167753
158,Papionini,Gorgopithecus_major,Gorgopithecus,9.4125,11.288,11.64714286,14.78,11.34428571,18.84375,106.2483,172.1447714,213.7688839,1.620212007,2.011974629
159,Hominidae,Gorilla_beringei,Gorilla,14.2,17.06666667,16.53333333,18.86666667,14.46666667,19.6,242.3466667,311.9288889,283.5466667,1.287118545,1.170004401
160,Hominidae,Gorilla_gorilla,Gorilla,13.67702703,15.7755,15.15648649,17.29375,14.67131579,17.15621622,215.7619399,262.1124882,251.7042659,1.214822634,1.166583254
161,Hominidae,Graecopithecus_macedoniensis,Graecopithecus,13.4375,13.975,14.68636364,15.2,15.14545455,17.68181818,187.7890625,223.2327273,267.7991736,1.188741902,1.426063744
162,Hominidae,Griphopithecus_alpani,Griphopithecus,NA,NA,12.1,13,NA,NA,NA,157.3,NA,NA,NA
163,FOSSIL,Guangxilemur_singsilai,Guangxilemur,3.56,5.05,NA,NA,NA,NA,17.978,NA,NA,NA,NA
164,FOSSIL,Gunnelltarsius_randalli,Gunnelltarsius,2.264285714,2.881428571,2.31,2.65275,2.012,3.043333333,6.524377551,6.1278525,6.123186667,0.93922408,0.938508941
165,Lemuridae,Hapalemur_alaotrensis,Hapalemur,5.75,4.7,5.8,4.75,5.1,4.35,27.025,27.55,22.185,1.019426457,0.820906568
166,Lemuridae,Hapalemur_aureus,Hapalemur,3.152,4.511,3.313,4.655,2.88,4.934,14.218672,15.422015,14.20992,1.084631181,0.999384471
167,Lemuridae,Hapalemur_griseus,Hapalemur,5.081818182,4.436363636,5.175,4.3375,4.471428571,3.628571429,22.54479339,22.4465625,16.22489796,0.995642857,0.719673837
168,Lemuridae,Hapalemur_meridionalis,Hapalemur,3.3825,4.394,3.594,4.332,3.1585,4.8445,14.862705,15.569208,15.30135325,1.047535291,1.029513352
169,Lemuridae,Hapalemur_occidentalis,Hapalemur,3.1226,4.3872,3.4048,4.3804,3.0852,4.9358,13.69947072,14.91438592,15.22793016,1.088683368,1.111570693
170,FOSSIL,Hemiacodon_gracilis,Hemiacodon,2.936,3.756,2.938333333,3.563333333,2.498,3.752,11.027616,10.47026111,9.372496,0.949458261,0.84991135
171,Hominidae,Hispanopithecus_laietanus,Hispanopithecus,7.548214286,9.302714286,8.540357143,10.06757143,7.520875,10.00825,70.21888087,85.98065556,75.27079722,1.224466333,1.07194527
172,Hominidae,Homo_erectus,Homo,11.59,13.05,12,13.9,11.91,13.93,151.2495,166.8,165.9063,1.102813563,1.096904783
174,Hominidae,Homo_habilis,Homo,12.11,13.85,12.7,14.45,12.8,15.05,167.7235,183.515,192.64,1.094151982,1.148557
175,Hominidae,Homo_naledi,Homo,10.6,11.2,11.5,12.3,11.7,13.3,118.72,141.45,155.61,1.191458895,1.310731132
176,Hominidae,Homo_rudolfensis,Homo,13.1,14.26,13.98,15.9,14.47,15.8,186.806,222.282,228.626,1.189908247,1.223868612
177,Hominidae,Homo_sapiens,Homo,10.4915,11.466,10.679,11.4035,10.773,11.7285,120.295539,121.7779765,126.3511305,1.012323296,1.050339286
178,FOSSIL,Homunculus_patagonicus,Homunculus,3.895333333,4.58875,3.843875,4.3555,3.3818,4.505,17.87471083,16.74199756,15.235009,0.9366304,0.852321984
179,Hylobatidae,Hoolock_hoolock,Hoolock,5.577666667,6.991960784,6.569111111,7.771372549,6.520465116,7.546046512,38.9988266,51.05100976,49.20373304,1.309039636,1.261672141
180,Hylobatidae,Hylobates_agilis,Hylobates,4.907142857,6.2325,5.3204,6.4776,5.473333333,6.428,30.58376786,34.46342304,35.18258667,1.126853408,1.150367961
181,Hylobatidae,Hylobates_albibarbis,Hylobates,4.7,5.7,5.2,5.933333333,4.833333333,5.433333333,26.79,30.85333333,26.26111111,1.15167351,0.980257974
182,Hylobatidae,Hylobates_klossii,Hylobates,4.546428571,6.04952381,4.9085,6.073333333,4.679473684,5.245238095,27.50372789,29.81095667,24.54495363,1.083887856,0.892422792
183,Hylobatidae,Hylobates_lar,Hylobates,5.146944444,6.28925,5.693589744,6.65175,5.639210526,6.635789474,32.37042035,37.87233558,37.42061385,1.169967371,1.156012602
184,Hylobatidae,Hylobates_pileatus,Hylobates,5.048,6.372,5.524,6.398,5.84,6.3725,32.165856,35.342552,37.2154,1.098759878,1.156984599
185,FOSSIL,Indraloris_himalayensis,Indraloris,4.63,5.62,5.05,5.995,3.79,5.51,26.0206,30.27475,20.8829,1.163491618,0.802552593
186,FOSSIL,Indraloris_kamlialensis,Indraloris,3.34,4,NA,NA,NA,NA,13.36,NA,NA,NA,NA
187,Indriidae,Indri_indri,Indri,7.222222222,7.9,7.311111111,7.288888889,5.877777778,5.911111111,57.05555556,53.28987654,34.74419753,0.933999784,0.608953803
188,FOSSIL,Kalepithecus_songhorensis,Kalepithecus,5.5,6,5.9,6.3,5.4,6.5,33,37.17,35.1,1.126363636,1.063636364
189,FOSSIL,Karanisia_clarki,Karanisia,1.9905,2.833,2.134,2.795,1.933,3.639,5.6390865,5.96453,7.034187,1.057712096,1.247398315
190,Hominidae,Kenyapithecus_wickeri,Kenyapithecus,9.15,10.5,NA,NA,10.1,12.3,96.075,NA,124.23,NA,1.293052303
191,FOSSIL,Komba_robustus,Komba,2.25,2.87,2.325,2.85,2.133333333,3.433333333,6.4575,6.62625,7.324444444,1.026132404,1.134253882
192,FOSSIL,Kyitchaungia_takaii,Kyitchaungia,NA,NA,3,4.39,NA,NA,NA,13.17,NA,NA,NA
193,FOSSIL,Laccopithecus_robustus,Laccopithecus,6.261111111,7.294444444,6.715,8.06,6.533333333,9.1,45.67132716,54.1229,59.45333333,1.185052053,1.301764959
194,FOSSIL,Lagonimico_conclucatus,Lagonimico,2.5,2.93,2.25,2.81,1.66,2.19,7.325,6.3225,3.6354,0.863139932,0.496300341
195,Atelidae,Lagothrix_flavicauda,Lagothrix,5.048,5.497,5.57,5.835,5.77,6.307,27.748856,32.50095,36.39139,1.171253691,1.311455506
196,Atelidae,Lagothrix_lagotricha,Lagothrix,5.04,5.622173913,5.448695652,5.942608696,5.146190476,5.481304348,28.33575652,32.37946616,28.20783623,1.142706959,0.995485552
197,FOSSIL,Laomaki_yunnanensis,Laomaki,2,2.45,2.15,2.65,2.05,3.25,4.9,5.6975,6.6625,1.162755102,1.359693878
198,Lemuridae,Lemur_catta,Lemur,5.616666667,4.9625,6.2,5.168421053,4.9375,5.0875,27.87270833,32.04421053,25.11953125,1.149662607,0.901223195
199,Callitrichidae,Leontocebus_fuscicollis,Leontocebus,2.071176471,2.4,1.782647059,2.107352941,0,0,4.970823529,3.756666522,0,0.755743289,0
200,Callitrichidae,Leontocebus_nigricollis,Leontocebus,2.25,2.375,1.875,2.175,0,0,5.34375,4.078125,0,0.763157895,0
201,Callitrichidae,Leontocebus_tripartitus,Leontocebus,1.886,2.321,1.668,2.215,0,0,4.377406,3.69462,0,0.844020408,0
202,Callitrichidae,Leontopithecus_rosalia,Leontopithecus,2.842307692,3.145,2.367857143,2.861428571,0,0,8.939057692,6.775454082,0,0.757960661,0
203,Lepilemuridae,Lepilemur_dorsalis,Lepilemur,2.073333333,4.052,2.152,4.126666667,1.888,4.525333333,8.401146667,8.880586667,8.543829333,1.0570684,1.016983713
204,Lepilemuridae,Lepilemur_edwardsi,Lepilemur,2.618,4.113,2.66,4.038,2.48,5.115,10.767834,10.74108,12.6852,0.997515378,1.178064224
205,Lepilemuridae,Lepilemur_leucopus,Lepilemur,2.1266,3.3954,2.211,3.443,2.019,4.1624,7.22065764,7.612473,8.4038856,1.054263113,1.163867063
206,Lepilemuridae,Lepilemur_microdon,Lepilemur,2.070666667,4.364666667,2.077,4.333333333,1.850666667,4.827,9.037769778,9.000333333,8.933168,0.995857778,0.988426152
207,Lepilemuridae,Lepilemur_mustelinus,Lepilemur,2.2792,4.2746,2.3498,4.1546,2.2768,4.8562,9.74266832,9.76247908,11.05659616,1.002033402,1.134863242
208,Lepilemuridae,Lepilemur_ruficaudatus,Lepilemur,3.894736842,3.884210526,3.988888889,3.689473684,3.552941176,3.270588235,15.12797784,14.71690058,11.62020761,0.972826688,0.768126959
209,Lepilemuridae,Lepilemur_septentrionalis,Lepilemur,2.437,3.787,2.537,3.957,2.34,4.632,9.228919,10.038909,10.83888,1.087766509,1.174447408
210,FOSSIL,Limnopithecus_evansi,Limnopithecus,4.825,6.175,5.65,6.6,5.45,6.9,29.794375,37.29,37.605,1.251578528,1.262150993
211,FOSSIL,Limnopithecus_legetet,Limnopithecus,4.86,5.7,5.68,6.38,5.325,6.475,27.702,36.2384,34.479375,1.308151036,1.244652913
212,FOSSIL,Lomorupithecus_harrisoni,Lomorupithecus,4.6,5.2,5.2,6.2,NA,NA,23.92,32.24,NA,1.347826087,NA
213,Papionini,Lophocebus_albigena,Lophocebus,5.609047619,6.847619048,6.734761905,7.561904762,6.389047619,7.937619048,38.40862132,50.92762812,50.71382608,1.325942624,1.320376112
214,Papionini,Lophocebus_aterrimus,Lophocebus,5.47625,6.669166667,6.611666667,7.35125,6.268333333,8.090833333,36.52202396,48.60401458,50.71604028,1.33081383,1.388642654
215,Lorisidae,Loris_tardigradus,Loris,2,2.4,2.133333333,2.3,1.966666667,3.066666667,4.8,4.906666667,6.031111111,1.022222222,1.256481481
216,Hominidae,Lufengpithecus_lufengensis,Lufengpithecus,10.3,11.7,12,13.4,11.7,13.6,120.51,160.8,159.12,1.334329101,1.32038835
217,Papionini,Macaca_arctoides,Macaca,6,8.2,7.3,9.2,8,12.1,49.2,67.16,96.8,1.36504065,1.967479675
218,Papionini,Macaca_fascicularis,Macaca,4.999642857,6.286206897,5.898275862,7.235172414,5.798965517,8.566206897,31.42878941,42.67504281,49.67513841,1.357832854,1.580561623
219,Papionini,Macaca_fuscata,Macaca,6.141025641,7.711794872,7.542051282,9.013076923,7.673589744,11.54102564,47.35833005,67.97708836,88.56109599,1.435377647,1.870021513
220,Papionini,Macaca_hecki,Macaca,6.0264,7.3624,7.007826087,8.3728,6.850416667,9.8724,44.36876736,58.67512626,67.6300535,1.322442109,1.524271633
221,Papionini,Macaca_maura,Macaca,5.9225,7.39125,7.28,8.46875,7.595,10.84375,43.77467813,61.6525,82.35828125,1.408405559,1.881413748
222,Papionini,Macaca_mulatta,Macaca,5.671290323,6.763492063,6.795714286,7.95140625,6.95,10.07822581,38.35772709,54.03548504,70.04366935,1.408724895,1.826064125
223,Papionini,Macaca_nemestrina,Macaca,6.093953488,7.593255814,7.424883721,8.646046512,7.883953488,11.12209302,46.27294776,64.19588999,87.68606409,1.387330894,1.894974674
224,Papionini,Macaca_nigra,Macaca,5.82,7.237073171,7.241463415,8.271219512,7.173076923,10.52731707,42.11976585,59.89573349,75.51325516,1.422033866,1.792822292
225,Papionini,Macaca_ochreata,Macaca,5.579090909,7.126,6.446666667,7.74,6.671818182,9.283636364,39.75660182,49.8972,61.93873388,1.255067026,1.557948392
226,Papionini,Macaca_silenus,Macaca,5.655,6.685,6.9975,7.8425,7.1225,9.4975,37.803675,54.87789375,67.64594375,1.451654998,1.789401262
227,Papionini,Macaca_sinica,Macaca,5.004,6.421463415,6.061463415,7.20195122,6.0005,8.3315,32.13300293,43.65436383,49.99316575,1.358552263,1.555819911
228,Papionini,Macaca_sylvanus,Macaca,6.096,7.522,7.03,8.924,7.65,11.3425,45.854112,62.73572,86.770125,1.368159087,1.89230848
229,Papionini,Macaca_thibetana,Macaca,6.365714286,8.26,7.13875,9.515,7.302,11.942,52.5808,67.92520625,87.200484,1.291825272,1.658409229
230,Papionini,Macaca_tonkeana,Macaca,6.466666667,8.012916667,7.56,9.039166667,7.340416667,10.41333333,51.81686111,68.3361,76.43820556,1.318800455,1.475160863
231,FOSSIL,Macrotarsius_siegerti,Macrotarsius,2.5895,4.0015,3.147,4.32,3.376,5.238,10.36188425,13.59504,17.683488,1.312023921,1.706589996
232,FOSSIL,Mahgarita_stevensi,Mahgarita,2.53,3.67,2.65,3.67,2.4,4.21,9.2851,9.7255,10.104,1.04743083,1.088195065
233,Papionini,Mandrillus_leucophaeus,Mandrillus,7.902439024,10.30714286,10.2827907,12.37261905,10.77395349,15.04825,81.45156794,127.225052,162.1291456,1.561971798,1.990497539
234,Papionini,Mandrillus_sphinx,Mandrillus,7.792727273,10.24818182,10.20272727,12.39545455,10.65636364,14.96363636,79.86128595,126.4674421,159.4579504,1.583588852,1.996686486
235,FOSSIL,Mazateronodon_endemicus,Mazateronodon,NA,NA,1.696,2.523,1.438,2.354,NA,4.279008,3.385052,NA,NA
236,FOSSIL,Mazzonicebus_almendrae,Mazzonicebus,3.6375,4.176666667,3.39,3.75,NA,NA,15.192625,12.7125,NA,0.836754675,NA
237,FOSSIL,Megadelphus_lundeliusi,Megadelphus,4.36,5.895,4.58,5.855,4.46,6.71,25.7022,26.8159,29.9266,1.043330921,1.164359471
238,FOSSIL,Megaladapis_madagascariensis,Megaladapis,7.796,12.41125,10.0458,16.6698,11.3574,27.0626,96.758105,167.4614768,307.3607732,1.73072299,3.176589426
239,FOSSIL,Mescalerolemur_horneri,Mescalerolemur,2.15,3.08,NA,NA,2.05,3.42,6.622,NA,7.011,NA,1.058743582
240,FOSSIL,Mesopithecus_pentelicus,Mesopithecus,5.925851064,6.838962264,6.739285714,7.490701754,6.130612245,9.174807692,40.52667181,50.48197932,56.24718838,1.245648287,1.387905443
241,Indriidae,Mesopropithecus_pithecoides,Mesopropithecus,4.226,7.5435,5.1635,7.2195,5.387,7.2625,31.878831,37.27788825,39.1230875,1.169361833,1.22724348
242,Callitrichidae,Mico_argentatus,Mico,1.9,2.125,1.725,1.85,0,0,4.0375,3.19125,0,0.790402477,0
243,Callitrichidae,Mico_chrysoleucos,Mico,2,2.475,1.9,2.325,0,0,4.95,4.4175,0,0.892424242,0
244,Callitrichidae,Mico_humeralifera,Mico,1.9,2.225,1.725,2.125,0,0,4.2275,3.665625,0,0.867090479,0
245,Callitrichidae,Mico_melanurus,Mico,2,2.333333333,1.766666667,2.133333333,0,0,4.666666667,3.768888889,0,0.807619048,0
246,Cheirogaleidae,Microcebus_griseorufus,Microcebus,1.235,1.58,1.325,1.59,1.2,2.05,1.9513,2.10675,2.46,1.079664839,1.260697996
247,Cheirogaleidae,Microcebus_marohita,Microcebus,1.44,2.081,1.661,2.059,1.489,2.347,2.99664,3.419999,3.494683,1.141277898,1.166200478
248,Cheirogaleidae,Microcebus_murinus,Microcebus,1.242666667,1.818666667,1.448333333,1.876666667,1.427333333,2.252666667,2.259996444,2.718038889,3.215306222,1.202673967,1.422704107
249,Cheirogaleidae,Microcebus_myoxinus,Microcebus,1.26,2.176,1.15,2.004,1.199,2.178,2.74176,2.3046,2.611422,0.840554972,0.952461922
250,Cheirogaleidae,Microcebus_rufus,Microcebus,1.224333333,1.821666667,1.277666667,1.838666667,1.190333333,2.159,2.230327222,2.349203111,2.569929667,1.053299752,1.152265749
251,Cheirogaleidae,Microcebus_tanosi,Microcebus,1.389,1.987,1.473,1.931,1.48,2.413,2.759943,2.844363,3.57124,1.030587588,1.293954259
252,FOSSIL,Microcolobus_tugenensis,Microcolobus,4.2,5.3,4.8,5.2,4.2,6.1,22.26,24.96,25.62,1.121293801,1.150943396
253,FOSSIL,Micropithecus_clarki,Micropithecus,4.5125,5.5,5.15,5.816666667,4.68,5.92,24.81875,29.95583333,27.7056,1.206983967,1.1163173
254,FOSSIL,Microsyops_annectens,Microsyops,3.38,4.493333333,3.866666667,4.885,3.55,5.55,15.18746667,18.88866667,19.7025,1.243700946,1.297286798
255,FOSSIL,Microsyops_knightensis,Microsyops,2.574545455,3.588571429,2.928571429,3.73125,2.785833333,4.235,9.23894026,10.92723214,11.79800417,1.18273653,1.276986736
256,FOSSIL,Microsyops_latidens,Microsyops,2.36,3.345,2.55,3.475,2.33,3.87,7.8942,8.86125,9.0171,1.12250133,1.142243673
257,Cercopithecini,Miopithecus_ogouensis,Miopithecus,2.929411765,3.636470588,3.253125,3.746875,2.81,3.63375,10.65271972,12.18905273,10.2108375,1.144219791,0.958519304
258,Cercopithecini,Miopithecus_talapoin,Miopithecus,3.041162791,3.968636364,3.697906977,4.182954545,3.431190476,4.016976744,12.06926924,15.4681768,13.78301235,1.281616682,1.141992284
259,Cheirogaleidae,Mirza_coquereli,Mirza,1.984375,2.816708333,2.111875,2.747458333,1.988708333,3.178458333,5.589405599,5.802288568,6.321026575,1.038086871,1.130894236
260,FOSSIL,Mohanamico_hershkovitzi,Mohanamico,2.7,3.258333333,NA,NA,NA,NA,8.7975,NA,NA,NA,NA
261,FOSSIL,Nannodectes_gazini,Nannodectes,2.09,2.35,2.36,2.46,2.16,3.6,4.9115,5.8056,7.776,1.182042146,1.583223048
262,FOSSIL,Nannodectes_gidleyi,Nannodectes,2.7,2.88,3.04,3.14,2.9,4.66,7.776,9.5456,13.514,1.227572016,1.737911523
263,FOSSIL,Nannodectes_intermedius,Nannodectes,2.179375,2.5125,2.500555556,2.633333333,2.2775,3.506666667,5.475679688,6.584796296,7.986433333,1.20255323,1.458528217
264,FOSSIL,Nannodectes_simpsoni,Nannodectes,2.58,2.69,2.89,2.97,2.55,4,6.9402,8.5833,10.2,1.236751102,1.46969828
265,Colobinae,Nasalis_larvatus,Nasalis,5.297333333,7.472666667,6.356,8.188666667,6.389333333,10.48133333,39.58520622,52.04716533,66.96873244,1.314813545,1.691761616
266,FOSSIL,Necrolemur_antiquus,Necrolemur,1.465,2.501,1.6405,2.197,1.443,2.54,3.663965,3.6041785,3.66522,0.983682568,1.000342525
267,Cebidae,Neosaimiri_fieldsi,Neosaimiri,2.7,3.075,2.6,2.7,1.9,2.485,8.3025,7.02,4.7215,0.845528455,0.568684131
268,FOSSIL,Nievesia_sossisensis,Nievesia,NA,NA,NA,NA,1.5,2.47,NA,NA,3.705,NA,NA
269,FOSSIL,Niptomomys_doreenae,Niptomomys,1.046666667,1.27,1,1.2125,0.84,1.23,1.329266667,1.2125,1.0332,0.912157079,0.777270676
270,Hylobatidae,Nomascus_concolor,Nomascus,5.122,6.668666667,5.7,7.055666667,5.782068966,6.747777778,34.15691067,40.2173,39.01611648,1.177427912,1.142261279
271,FOSSIL,Noropithecus_bulukensis,Noropithecus,6.166666667,6.983333333,7.416666667,7.775,6.55,9.95,43.06388889,57.66458333,65.1725,1.339047281,1.513390957
272,FOSSIL,Nosmips_aenigmaticus,Nosmips,3.13075,3.9475,2.925,4.0045,2.7905,4.746,12.35863563,11.7131625,13.243713,0.94777149,1.071616107
273,Pithecidae,Nuciruptor_rubricae,Nuciruptor,3.93,3.9,3.8,4.09,NA,NA,15.327,15.542,NA,1.014027533,NA
274,FOSSIL,Nyanzapithecus_harrisoni,Nyanzapithecus,NA,NA,5.0105,6.863,5.2865,7.65,NA,34.3870615,40.441725,NA,NA
275,FOSSIL,Nyanzapithecus_pickfordi,Nyanzapithecus,5.6,8.2,6.9,9.1,6,8.5,45.92,62.79,51,1.367378049,1.110627178
276,FOSSIL,Nyanzapithecus_vancouveringorum,Nyanzapithecus,5.6,7.25,6.4,9,7.3,9.9,40.6,57.6,72.27,1.418719212,1.780049261
277,Lorisidae,Nycticeboides_simpsoni,Nycticeboides,2.25,2.7,2.25,2.9,2.1,3.5,6.075,6.525,7.35,1.074074074,1.209876543
278,Lorisidae,Nycticebus_coucang,Nycticebus,2.8,3.15,2.55,3.05,2.075,3.5,8.82,7.7775,7.2625,0.881802721,0.823412698
279,Lorisidae,Nycticebus_pygmaeus,Nycticebus,2.332666667,3.142333333,2.464,3.248333333,2.445,3.879,7.330016222,8.003893333,9.484155,1.091933918,1.293879128
280,Tarsiidae,Oligotarsius_rarus,Oligotarsius,1.45,2.025,NA,NA,NA,NA,2.93625,NA,NA,NA,NA
281,FOSSIL,Omomys_carteri,Omomys,2.102857143,2.69125,2.400625,2.955555556,1.64,2.602,5.659314286,7.095180556,4.26728,1.253717358,0.754027747
282,FOSSIL,Oreopithecus_bambolii,Oreopithecus,7.025,8.9,7.9,10.325,8.525,12.86,62.5225,81.5675,109.6315,1.30461034,1.75347275
284,Galagidae,Otolemur_crassicaudatus,Otolemur,5.1625,4.1625,5.114285714,3.857142857,4.071428571,3.071428571,21.48890625,19.72653061,12.50510204,0.917986722,0.581932924
285,Galagidae,Otolemur_garnettii,Otolemur,3.018,3.877,3.22,3.958,2.52,4.202,11.700786,12.74476,10.58904,1.089222553,0.904985357
286,FOSSIL,Ourayia_uintensis,Ourayia,3.158,4.171666667,3.485,4.4275,3.025,4.9,13.17412333,15.4298375,14.8225,1.171223095,1.125122304
287,FOSSIL,Pachylemur_insignis,Pachylemur,NA,NA,3.595,7.113,4.138,7.404,NA,25.571235,30.637752,NA,NA
288,FOSSIL,Palaechthon_alticuspis,Palaechthon,1.54175,2.0325,1.6705,2.06675,1.35,2.35,3.133606875,3.452505875,3.1725,1.101767392,1.012411616
289,Indriidae,Palaeopropithecus_maximus,Palaeopropithecus,8.710333333,16.763,9.026666667,15.83966667,8.609666667,14.292,146.0113177,142.9793911,123.049356,0.979234989,0.842738481
290,Hominidae,Pan_paniscus,Pan,8.970789474,10.01527778,9.3325,10.32235294,8.72969697,9.420625,89.84494846,96.33335882,82.23920152,1.072217865,0.915345859
291,Hominidae,Pan_troglodytes,Pan,9.844705882,11.34083333,10.54810811,11.72662162,10.17236111,11.15506849,111.6471686,123.6936726,113.4733849,1.10789798,1.016357032
292,Papionini,Papio_anubis,Papio,8.385,10.672,10.709,12.773,11.20666667,16.073,89.48472,136.786057,180.1247533,1.528596804,2.012910733
293,Papionini,Papio_cynocephalus,Papio,7.227297297,8.911315789,8.858055556,10.50459459,9.513421053,13.51351351,64.40472852,93.05028251,128.559744,1.444774082,1.996122752
294,Papionini,Papio_hamadryas,Papio,7.680384615,10.18961538,9.896923077,12.49846154,10.40076923,15.83923077,78.26016524,123.6963124,164.740184,1.580578217,2.105032407
295,Papionini,Papio_papio,Papio,8.31,10.935,10.625,12.685,11.185,16.125,90.86985,134.778125,180.358125,1.483199598,1.984796112
296,Papionini,Papio_ursinus,Papio,8.33,11.03285714,10.72666667,13.22666667,11.13857143,17.12285714,91.9037,141.8780444,190.7241673,1.54376858,2.075261032
297,Galagidae,Paragalago_granti,Paragalago,1.781,2.293,1.913,2.26,1.743,2.977,4.083833,4.32338,5.188911,1.058657394,1.270598235
298,Galagidae,Paragalago_orinus,Paragalago,1.603,2.085333333,1.609666667,2.035333333,1.446,2.423,3.342789333,3.276208222,3.503658,0.98008217,1.048124082
299,Galagidae,Paragalago_zanzibaricus,Paragalago,1.918,2.247,1.999,2.404,1.709,2.562,4.309746,4.805596,4.378458,1.115053184,1.015943399
300,Hominidae,Paranthropus_aethiopicus,Paranthropus,14.6,16.1,16.9,NA,NA,NA,235.06,NA,NA,NA,NA
301,Hominidae,Paranthropus_boisei,Paranthropus,14.46,16.03,16.16,17.71,16.42,19.95,231.7938,286.1936,327.579,1.234690488,1.413234521
302,Hominidae,Paranthropus_robustus,Paranthropus,13.41,14.72,14.2,15.89,14.54,16.75,197.3952,225.638,243.545,1.143077441,1.233793932
303,FOSSIL,Parapapio_ado,Parapapio,7.154545455,9.005263158,8.314285714,10.79473684,8.15,13.81875,64.42856459,89.75052632,112.6228125,1.393023838,1.7480261
304,FOSSIL,Parapapio_jonesi,Parapapio,7.385714286,9.026666667,8.407142857,10.58,7.871428571,13.08571429,66.66838095,88.94757143,103.0032653,1.334179264,1.545009251
305,FOSSIL,Parapapio_lothagamensis,Parapapio,NA,NA,6.4,8.7,6.6,10.5,NA,55.68,69.3,NA,NA
306,FOSSIL,Parapapio_whitei,Parapapio,8.166666667,9.92,10,12.675,9.925,16.1,81.01333333,126.75,159.7925,1.564557275,1.972422235
307,FOSSIL,Parapithecus_fraasi,Parapithecus,3.205666667,3.8955,3.431928571,4.063375,2.9785,4.104,12.4876745,13.94521276,12.223764,1.116718149,0.978866321
308,FOSSIL,Paromomys_farrandi,Paromomys,1.675,2.3,2.01,2.44,1.7775,2.975,3.8525,4.9044,5.2880625,1.273043478,1.372631408
309,FOSSIL,Paromomys_maturus,Paromomys,2.177666667,3.035,2.301666667,3.08,1.947,3.595,6.609218333,7.089133333,6.999465,1.072612974,1.059045813
310,FOSSIL,Patasola_magdalenae,Patasola,2.275,2.73,2.05,2.8,NA,NA,6.21075,5.74,NA,0.924204001,NA
311,FOSSIL,Paukkaungia_parva,Paukkaungia,2.45,3.59,2.41,3.31,NA,NA,8.7955,7.9771,NA,0.906952419,NA
312,FOSSIL,Pelycodus_jarrovii,Pelycodus,4.7,5.6,5.3,5.75,4.8,7.3,26.32,30.475,35.04,1.157864742,1.331306991
313,FOSSIL,Periconodon_huerzeleri,Periconodon,2.291666667,2.996666667,2.396666667,3.006666667,2.05,3.375,6.867361111,7.205977778,6.91875,1.04930812,1.007483062
314,Lorisidae,Perodicticus_potto,Perodicticus,2.3,2.875,2.45,3.05,2.1,3.025,6.6125,7.4725,6.3525,1.130056711,0.960680529
315,Cheirogaleidae,Phaner_furcifer,Phaner,1.831571429,2.576071429,1.8985,2.512785714,1.777285714,2.379285714,4.718258827,4.770523679,4.22867051,1.011077148,0.896235384
316,FOSSIL,Phileosimias_brahuiorum,Phileosimias,NA,NA,NA,2.6,NA,NA,NA,NA,NA,NA,NA
317,FOSSIL,Phileosimias_kamali,Phileosimias,1.7755,2.376,2.0655,2.599,1.7665,2.805,4.218588,5.3682345,4.9550325,1.272519265,1.174571326
318,Colobinae,Piliocolobus_badius,Piliocolobus,5.1925,7.236521739,5.819302326,7.608478261,5.941395349,9.422826087,37.57563913,44.27603524,55.98473509,1.178317555,1.489921033
319,Colobinae,Piliocolobus_kirkii,Piliocolobus,4.450909091,6.292727273,5.02,6.564545455,5.099090909,8.031818182,28.00835702,32.95401818,40.95497107,1.176578053,1.46224111
320,Colobinae,Piliocolobus_rufomitratus,Piliocolobus,5.395294118,7.035882353,5.857647059,7.501764706,5.706153846,9.246153846,37.96065467,43.94268997,52.75997633,1.157585146,1.389859495
321,Colobinae,Piliocolobus_tholloni,Piliocolobus,4.875,6.635,5.5,6.99,5.43,8.85,32.345625,38.445,48.0555,1.188568779,1.485687786
322,Pithecidae,Pithecia_monachus,Pithecia,3.70975,3.934,3.9235,3.8185,3.7075,4.08275,14.5941565,14.98188475,15.13679563,1.026567363,1.037181945
323,Pithecidae,Pithecia_pithecia,Pithecia,3.382083333,3.6636,3.5328,3.7492,3.437272727,3.759583333,12.3906005,13.24517376,12.92271326,1.068969479,1.042944872
324,FOSSIL,Platychoerops_antiquus,Platychoerops,3.88,5.15,4.26,5.42,4.63,8.33,19.982,23.0892,38.5679,1.15549995,1.930132119
325,FOSSIL,Platychoerops_daubrei,Platychoerops,4.07,5.03,4.39,5.39,4.59,7.73,20.4721,23.6621,35.4807,1.155821826,1.733124594
326,Pithecidae,Plecturocebus_brunneus,Plecturocebus,3.125,3.2,3.15,3.55,2.775,3.175,10,11.1825,8.810625,1.11825,0.8810625
327,Pithecidae,Plecturocebus_caligatus,Plecturocebus,3.175,3.375,3.175,3.45,2.825,3.125,10.715625,10.95375,8.828125,1.022222222,0.823855351
328,Pithecidae,Plecturocebus_cupreus,Plecturocebus,3.175,3.25,3.025,3.375,2.825,3.05,10.31875,10.209375,8.61625,0.989400363,0.835009085
329,Pithecidae,Plecturocebus_hoffmannsi,Plecturocebus,3.15,3.5,2.975,3.475,2.525,3.2,11.025,10.338125,8.08,0.937698413,0.732879819
330,Pithecidae,Plecturocebus_moloch,Plecturocebus,3.132352941,3.397368421,3.23,3.532105263,2.95,3.255263158,10.64175697,11.4087,9.603026316,1.072069212,0.902391057
331,FOSSIL,Plesiadapis_anceps,Plesiadapis,2.84,2.87,3.12,2.97,2.89,4.37,8.1508,9.2664,12.6293,1.13687,1.549455268
332,FOSSIL,Plesiadapis_churchilli,Plesiadapis,3.27,3.47,3.52,3.75,3.1,4.9,11.3469,13.2,15.19,1.163313328,1.338691625
333,FOSSIL,Plesiadapis_cookei,Plesiadapis,5.1,5.41,5.47,5.82,5.53,8.83,27.591,31.8354,48.8299,1.153832772,1.769776376
334,FOSSIL,Plesiadapis_dubius,Plesiadapis,2.6,2.9,2.85,3.07,NA,4.9,7.54,8.7495,NA,1.160411141,NA
335,FOSSIL,Plesiadapis_fodinatus,Plesiadapis,2.821333333,3.269655172,3.068181818,3.501515152,3.005,4.85,9.224787126,10.74328512,14.57425,1.164610628,1.579900956
336,FOSSIL,Plesiadapis_gingerichi,Plesiadapis,4.16,4.613333333,4.536666667,4.95,4.39,6.195,19.19146667,22.4565,27.19605,1.170129433,1.417090756
337,FOSSIL,Plesiadapis_ploegi,Plesiadapis,NA,NA,4.108,4.523,3.791,6.993,NA,18.580484,26.510463,NA,NA
338,FOSSIL,Plesiadapis_praecursor,Plesiadapis,2.58,2.64,3,2.966666667,2.5,3.8,6.8112,8.9,9.5,1.306671365,1.394761569
339,FOSSIL,Plesiadapis_remensis,Plesiadapis,3.27,3.56,3.73,4,3.6,5.9,11.6412,14.92,21.24,1.281654812,1.82455417
340,FOSSIL,Plesiadapis_rex,Plesiadapis,2.95,3.07,3.35,3.33,3.13,4.95,9.0565,11.1555,15.4935,1.231767239,1.710760227
341,FOSSIL,Plesiadapis_simonsi,Plesiadapis,3.9,3.95,NA,NA,NA,NA,15.405,NA,NA,NA,NA
342,FOSSIL,Plesiadapis_tricuspidens,Plesiadapis,3.81,4.22,4.39,4.87,4.46,7.63,16.0782,21.3793,34.0298,1.329707306,2.116518018
343,FOSSIL,Plesiadapis_walbeckensis,Plesiadapis,2.7,2.85,3.12,3.18,2.91,4.72,7.695,9.9216,13.7352,1.289356725,1.784951267
344,FOSSIL,Plesiopithecus_teras,Plesiopithecus,2.666666667,3.666666667,2.8,3.3,2.533333333,3.3,9.777777778,9.24,8.36,0.945,0.855
345,FOSSIL,Pliopithecus_antiquus,Pliopithecus,4.94275,6.275,5.658833333,6.244333333,5.00025,5.9535,31.01575625,35.33564161,29.76898838,1.139280349,0.959802113
346,Hominidae,Pongo_abelii,Pongo,11.33714286,12.92571429,12.42571429,13.66,11.85285714,13.71142857,146.5406694,169.7352571,162.5196041,1.158280891,1.109040956
347,Hominidae,Pongo_pygmaeus,Pongo,11.94666667,13.2575,12.7915,13.7845,12.09025641,13.71564103,158.3829333,176.3244318,165.8256168,1.113279241,1.046991701
348,Hominidae,Pongo_tapanuliensis,Pongo,11.5725,13.191,13.06,13.1705,13.205,13.501,152.6528475,172.00673,178.280705,1.126783632,1.167883259
349,Colobinae,Presbytis_comata,Presbytis,4.805333333,6.006666667,5.338666667,6.013333333,5.156666667,6.538666667,28.86403556,32.10318222,33.71772444,1.112220852,1.168156974
350,Colobinae,Presbytis_frontata,Presbytis,5.25,5.94,5.75,6.315,5.88,6.75,31.185,36.31125,39.69,1.164381914,1.272727273
351,Colobinae,Presbytis_melalophos,Presbytis,4.662903226,5.69516129,5.002580645,5.756129032,4.86516129,5.836451613,26.55598595,28.79549969,28.39527846,1.084331786,1.069260938
352,Colobinae,Presbytis_potenziani,Presbytis,5.645454545,6.682380952,6.184090909,6.957727273,6.030454545,7.579090909,37.72507792,43.02721798,45.70536322,1.140546828,1.211537941
353,Colobinae,Presbytis_rubicunda,Presbytis,4.755,5.633333333,4.849375,5.452121212,4.917878788,6.026969697,26.7865,26.4393803,29.63990643,0.987041245,1.106524049
354,Colobinae,Presbytis_thomasi,Presbytis,4.788333333,5.825,5.17,5.87375,5.17,6.78,27.89204167,30.3672875,35.0526,1.088743802,1.256724066
355,Colobinae,Procolobus_verus,Procolobus,3.981627907,5.475,4.565,5.598043478,4.779333333,6.972826087,21.79941279,25.55506848,33.32546014,1.172282424,1.528732011
356,FOSSIL,Proconsul_africanus,Proconsul,7.397368421,8.663157895,8.70625,9.98,8.742307692,11.3,64.08457064,86.888375,98.78807692,1.355839231,1.541526704
357,FOSSIL,Proconsul_heseloni,Proconsul,7.236363636,8.3,8.63125,9.93125,9.1625,11.475,60.06181818,85.71910156,105.1396875,1.427181264,1.750524554
358,FOSSIL,Proconsul_major,Proconsul,10.15085,11.6949,12.34714286,13.83914286,12.20516667,16.17083333,118.7131757,170.8738739,197.367716,1.439384238,1.662559483
359,FOSSIL,Proconsul_nyanzae,Proconsul,8.275,9.457142857,10.44117647,11.95555556,11.16923077,13.96428571,78.25785714,124.8300654,155.9703297,1.595112234,1.993030928
360,FOSSIL,Prohylobates_tandyi,Prohylobates,5.395,5.98,5.995,6.55,4.855,6.4875,32.2621,39.26725,31.4968125,1.217132487,0.976279055
361,Lemuridae,Prolemur_simus,Prolemur,4.650166667,5.5765,5.285666667,5.633166667,5.5575,6.218833333,25.93165442,29.77504128,34.56116625,1.148212173,1.33277907
362,FOSSIL,Pronothodectes_gaoi,Pronothodectes,2.5,2.8,2.96,3.22,2.716666667,4.633333333,7,9.5312,12.58722222,1.3616,1.798174603
363,FOSSIL,Pronothodectes_jepi,Pronothodectes,2.22,2.35,2.58,2.47,2.33,3.6,5.217,6.3726,8.388,1.221506613,1.607820587
364,FOSSIL,Pronothodectes_matthewi,Pronothodectes,2.004285714,2.161428571,2.22,2.162,2.025,3.158,4.332120408,4.79964,6.39495,1.107919344,1.476170881
365,Indriidae,Propithecus_coquereli,Propithecus,5.866666667,6.683333333,6.3,6.65,4.925,4.9,39.20888889,41.895,24.1325,1.068507708,0.615485434
366,Indriidae,Propithecus_coronatus,Propithecus,3.4348,7.1202,3.861,6.6004,4.1142,6.7184,24.45646296,25.4841444,27.64084128,1.042020853,1.130206004
367,Indriidae,Propithecus_deckenii,Propithecus,6.114285714,7.028571429,6.4,6.866666667,4.75,4.35,42.97469388,43.94666667,20.6625,1.022617329,0.480806217
368,Indriidae,Propithecus_diadema,Propithecus,6.58,7.1175,7,7.184615385,5.7,5.5,46.83315,50.29230769,31.35,1.073861307,0.669397638
369,Indriidae,Propithecus_edwardsi,Propithecus,3.538,6.8286,4.4086,6.7612,4.997,7.066,24.1595868,29.80742632,35.308802,1.23377219,1.461482032
370,Indriidae,Propithecus_tattersalli,Propithecus,6.3,7.2,6.15,6.45,4.7,5.3,45.36,39.6675,24.91,0.874503968,0.549162257
371,Indriidae,Propithecus_verreauxi,Propithecus,5.831818182,6.665217391,6.16875,6.70625,4.56,4.573333333,38.87033597,41.36917969,20.8544,1.064286651,0.536511956
372,FOSSIL,Propotto_leakeyi,Propotto,3.3,3.95,3.05,3.7,2.2,3,13.035,11.285,6.6,0.865746068,0.506329114
373,FOSSIL,Proteopithecus_sylviae,Proteopithecus,2.642590909,2.904043478,2.601272727,2.802695652,1.921,2.882,7.674198895,7.290575763,5.536322,0.950011312,0.721420187
374,FOSSIL,Purgatorius_titusi,Purgatorius,1.291666667,1.918181818,1.344444444,1.957142857,1.14375,2.1,2.477651515,2.631269841,2.401875,1.062001587,0.969415991
375,FOSSIL,Purgatorius_unio,Purgatorius,1.277,2.0035,1.3765,2.039,1.2565,2.3405,2.5584695,2.8066835,2.94083825,1.097016595,1.149452143
376,Colobinae,Pygathrix_nemaeus,Pygathrix,5.329583333,6.897083333,6.058333333,7.365416667,6.181304348,9.316086957,36.75858038,44.62214931,57.58556881,1.213924717,1.566588487
377,FOSSIL,Qatrania_basiodontos,Qatrania,1.9125,2.275,2.025,2.25,1.575,2.15,4.3509375,4.55625,3.38625,1.047188106,0.778280543
378,FOSSIL,Qatrania_wingi,Qatrania,1.954375,2.374,2.1,2.34,1.7145,2.067,4.63968625,4.914,3.5438715,1.059123341,0.763817058
379,FOSSIL,Rangwapithecus_gordoni,Rangwapithecus,6.560666667,8.547833333,7.899,9.378714286,8.3875,11.25333333,56.07948522,74.08246414,94.38733333,1.321026109,1.68309914
380,Colobinae,Rhinopithecus_avunculus,Rhinopithecus,5.036666667,5.703333333,6.416666667,7.29,7.08,8.786666667,28.72578889,46.7775,62.2096,1.628414808,2.165635911
381,Colobinae,Rhinopithecus_bieti,Rhinopithecus,6.245,7.56,7.245,8.75,7.625,11.745,47.2122,63.39375,89.555625,1.342740859,1.896874643
382,Colobinae,Rhinopithecus_brelichi,Rhinopithecus,5.85,6.585,6.8975,7.815,6.64,9.615,38.52225,53.9039625,63.8436,1.399294239,1.657317524
383,Colobinae,Rhinopithecus_lantianensis,Rhinopithecus,7.8,7.8,9,9.5,9.1,13.2,60.84,85.5,120.12,1.405325444,1.974358974
384,Colobinae,Rhinopithecus_roxellana,Rhinopithecus,6.375,7.5925,7.2175,8.9375,7.5925,10.70666667,48.4021875,64.50640625,81.29036667,1.332716755,1.679477124
385,FOSSIL,Rukwapithecus_fleaglei,Rukwapithecus,6.12,7.59,7.47,9.27,7.8,11.86,46.4508,69.2469,92.508,1.490757963,1.991526518
386,Callitrichidae,Saguinus_geoffroyi,Saguinus,2.199047619,2.805714286,1.773902439,2.314146341,0,0,6.16989932,4.105069839,0,0.665338221,0
387,Callitrichidae,Saguinus_graellsi,Saguinus,2.09125,2.348,1.7815,2.26025,0,0,4.910255,4.026635375,0,0.820046082,0
388,Callitrichidae,Saguinus_imperator,Saguinus,2.175,2.55,1.925,2.425,0,0,5.54625,4.668125,0,0.841672301,0
389,Callitrichidae,Saguinus_inustus,Saguinus,2.05,2.425,1.6,1.975,0,0,4.97125,3.16,0,0.635655016,0
390,Callitrichidae,Saguinus_labiatus,Saguinus,2.05,2.425,1.725,2.175,0,0,4.97125,3.751875,0,0.754714609,0
391,Callitrichidae,Saguinus_leucopus,Saguinus,2.3,2.6,1.9,2.266666667,0,0,5.98,4.306666667,0,0.720178372,0
392,Callitrichidae,Saguinus_martinsi,Saguinus,2.025,2.5,1.65,2.075,0,0,5.0625,3.42375,0,0.676296296,0
393,Callitrichidae,Saguinus_midas,Saguinus,1.975,2.425,1.7,2.075,0,0,4.789375,3.5275,0,0.736526165,0
394,Callitrichidae,Saguinus_mystax,Saguinus,2.2,2.45,1.875,2.225,0,0,5.39,4.171875,0,0.774002783,0
395,Callitrichidae,Saguinus_niger,Saguinus,1.975901639,2.579836066,1.718852459,2.187868852,0,0,5.097502311,3.760623757,0,0.737738509,0
396,Callitrichidae,Saguinus_oedipus,Saguinus,1.735,2.331,1.579,2.137,0,0,4.044285,3.374323,0,0.834343524,0
397,FOSSIL,Saharagalago_misrensis,Saharagalago,1.712,2.261,NA,NA,NA,NA,3.870832,NA,NA,NA,NA
398,Hominidae,Sahelanthropus_tchadensis,Sahelanthropus,9.4645,10.578,12.472,11.185,9.592,10.726,100.115481,139.49932,102.883792,1.393384106,1.027651178
399,Cebidae,Saimiri_boliviensis,Saimiri,2.729565217,2.66673913,2.441521739,2.486521739,1.99125,2.124186047,7.279038374,6.070896881,4.229785465,0.834024574,0.581091244
400,Cebidae,Saimiri_oerstedii,Saimiri,2.602571429,2.708,2.419714286,2.5,1.93862069,2.169,7.047763429,6.049285714,4.204868276,0.85832701,0.596624492
401,Cebidae,Saimiri_sciureus,Saimiri,2.832333333,3.068666667,2.562666667,2.742,1.9665,2.284,8.691486889,7.026832,4.491486,0.808472945,0.516768426
402,Cebidae,Sapajus_apella,Sapajus,4.881282051,4.788717949,4.696666667,4.489736842,3.895277778,3.534722222,23.37508297,21.08679737,13.76872492,0.902105776,0.58903427
403,FOSSIL,Saxonella_naylori,Saxonella,1.3625,1.675,1.4,1.65,NA,NA,2.2821875,2.31,NA,1.012186773,NA
404,Colobinae,Semnopithecus_entellus,Semnopithecus,5.967809524,7.763148148,6.930882353,8.373888889,6.973861386,10.30721154,46.32898945,58.03843873,71.88106455,1.252745622,1.551535343
405,Colobinae,Semnopithecus_johnii,Semnopithecus,4.581666667,5.498,5.415,6.728333333,6.203333333,7.54,25.19000333,36.433925,46.77313333,1.446364437,1.856813305
406,Colobinae,Semnopithecus_vetulus,Semnopithecus,4.929545455,6.517333333,5.613636364,6.814222222,5.551136364,8.439777778,32.12749091,38.25256566,46.85035732,1.190649023,1.458263811
407,FOSSIL,Serapia_eocaena,Serapia,2.98,3.1115,2.892,3.0465,1.8365,2.805,9.27227,8.810478,5.1513825,0.950196446,0.555568647
408,FOSSIL,Siamoadapis_maemohensis,Siamoadapis,2.525,3.605,2.79,3.93,NA,NA,9.102625,10.9647,NA,1.204564617,NA
409,Colobinae,Simias_concolor,Simias,5.015555556,6.55,5.885333333,7.244375,5.910666667,9.150625,32.85188889,42.63556167,54.08629417,1.297811575,1.646367865
410,FOSSIL,Simiolus_enjiessi,Simiolus,NA,6.2,5.6,6.8,5.9,7.8,NA,38.08,46.02,NA,NA
411,FOSSIL,Simonsius_grangeri,Simonsius,4.2708125,4.698125,4.342142857,4.853,3.739666667,4.637285714,20.06481098,21.07241929,17.34190281,1.050217683,0.864294352
412,FOSSIL,Sinoadapis_carnosus,Sinoadapis,5.4,6.45,5.7,6.35,5.3,7.1,34.83,36.195,37.63,1.039190353,1.080390468
413,FOSSIL,Sinoadapis_shihuibaensis,Sinoadapis,5.3,6.8,5.5,7.3,5.1,7.2,36.04,40.15,36.72,1.114039956,1.018867925
414,FOSSIL,Sivaladapis_nagrii,Sivaladapis,4.478,5.692,5.004,6.41,4.786666667,6.83,25.488776,32.07564,32.69293333,1.258422138,1.28264038
415,FOSSIL,Sivaladapis_palaeindicus,Sivaladapis,4.83,6.15,4.84,6.41,4.946,7.226,29.7045,31.0244,35.739796,1.044434345,1.203177835
416,Hominidae,Sivapithecus_indicus,Sivapithecus,11.75,13.4,13.05,14.86,13.04615385,15.36923077,157.45,193.923,200.5093491,1.231648142,1.273479512
417,Hominidae,Sivapithecus_meteai,Sivapithecus,13.7,NA,14.3,NA,14.7,NA,NA,NA,NA,NA,NA
418,Hominidae,Sivapithecus_parvada,Sivapithecus,12.8,13.675,14.36,15.7,15.4,18,175.04,225.452,277.2,1.288002742,1.583638026
419,FOSSIL,Soriacebus_ameghinorum,Soriacebus,4.4,3.933333333,4,3.8,2.9,3.6,17.30666667,15.2,10.44,0.878274268,0.603235747
420,FOSSIL,Sphacorhysis_burntforkensis,Sphacorhysis,1.5,1.9,1.8,2,1.5,1.8,2.85,3.6,2.7,1.263157895,0.947368421
421,Atelidae,Stirtonia_tatacoensis,Stirtonia,5.2,6.065,NA,6.13,NA,NA,31.538,NA,NA,NA,NA
422,Atelidae,Stirtonia_victoriae,Stirtonia,NA,7.67,7.125,8.85,NA,NA,NA,63.05625,NA,NA,NA
423,FOSSIL,Strigorhysis_bridgerensis,Strigorhysis,1.95,2.233333333,2.15,2.425,NA,NA,4.355,5.21375,NA,1.197187141,NA
424,Hylobatidae,Symphalangus_syndactylus,Symphalangus,6.094358974,8.104444444,6.885,8.881509434,6.963023256,8.77547619,49.39139373,61.14919245,61.1038448,1.238053593,1.237135464
425,Tarsiidae,Tarsius_sangirensis,Tarsius,1.85925,2.5885,2.1935,2.581,2.034,3.1625,4.812668625,5.6614235,6.432525,1.17635847,1.336581739
426,Tarsiidae,Tarsius_sirindhornae,Tarsius,2.488333333,2.92,2.599333333,3.042727273,2.349230769,3.623846154,7.265933333,7.909062424,8.513250888,1.088512936,1.171666529
427,Tarsiidae,Tarsius_tarsier,Tarsius,2.1,2.45,2.3,2.175,2.1,2.8,5.145,5.0025,5.88,0.972303207,1.142857143
428,FOSSIL,Teilhardina_americana,Teilhardina,1.493333333,1.985,1.646,1.962,1.25,2.09,2.964266667,3.229452,2.6125,1.089460687,0.881330964
429,FOSSIL,Teilhardina_asiatica,Teilhardina,1.277,1.91,1.352,1.983,1.0175,1.885,2.43907,2.681016,1.9179875,1.099196005,0.78636017
430,FOSSIL,Teilhardina_belgica,Teilhardina,1.34475,1.8112,1.4448125,1.811125,1.116166667,1.893666667,2.4356112,2.616736039,2.113647611,1.074365251,0.867809941
431,FOSSIL,Teilhardina_brandti,Teilhardina,1.450769231,1.969230769,1.535681818,1.967619048,1.186,1.945555556,2.856899408,3.021636797,2.307428889,1.057662999,0.80766893
432,FOSSIL,Teilhardina_crassidens,Teilhardina,1.64,1.84,1.69,1.79,NA,NA,3.0176,3.0251,NA,1.002485419,NA
433,FOSSIL,Teilhardina_demissa,Teilhardina,1.5,1.9,1.55,1.9,1.3,2,2.85,2.945,2.6,1.033333333,0.912280702
434,FOSSIL,Tetonius_matthewi,Tetonius,2.11,2.293333333,2.07,2.19,NA,NA,4.838933333,4.5333,NA,0.936838697,NA
435,FOSSIL,Tetonius_mckennai,Tetonius,1.64,2.06,1.68,1.95,NA,NA,3.3784,3.276,NA,0.969689794,NA
436,FOSSIL,Tetonoides_pearcei,Tetonoides,1.43,1.75,1.58,1.69,1.35,2.12,2.5025,2.6702,2.862,1.067012987,1.143656344
437,Papionini,Theropithecus_gelada,Theropithecus,7.619310345,10.15034483,9.503448276,12.70366667,10.14571429,16.33034483,77.33862735,120.7286391,165.6830128,1.561039331,2.142306096
438,Papionini,Theropithecus_oswaldi,Theropithecus,9.333717949,11.3047,11.00733333,14.38971698,11.63266129,20.60717391,105.5148813,158.3924114,239.7162743,1.501138128,2.271871715
439,Papionini,TheropithecusOmopithecus_baringensis,TheropithecusOmopithecus,8.1,10.6,9.45,12,8.95,17.1,85.86,113.4,153.045,1.320754717,1.782494759
440,Papionini,TheropithecusOmopithecus_brumpti,TheropithecusOmopithecus,9.233333333,11.9,10.2,13.76666667,10.1,18.76666667,109.8766667,140.42,189.5433333,1.277978339,1.725055365
441,Colobinae,Trachypithecus_cristatus,Trachypithecus,5.29125,6.929,6.235,7.46625,6.052051282,8.68775,36.66307125,46.55206875,52.57870853,1.26972638,1.434105402
442,Colobinae,Trachypithecus_francoisi,Trachypithecus,5.038888889,6.566666667,5.7325,6.803333333,5.663333333,8.331111111,33.0887037,39.00010833,47.18185926,1.178653255,1.42592045
443,Colobinae,Trachypithecus_obscurus,Trachypithecus,4.680952381,6.277111111,5.478372093,6.677777778,5.340465116,7.757777778,29.3828582,36.58335142,41.4301416,1.245057617,1.410010603
444,Colobinae,Trachypithecus_phayrei,Trachypithecus,5.5,6.4,5.9,6.4,5,8.3,35.2,37.76,41.5,1.072727273,1.178977273
445,Colobinae,Trachypithecus_pileatus,Trachypithecus,5.584615385,6.863076923,6.45,7.160769231,6.195,8.314615385,38.32764497,46.18696154,51.50904231,1.205056078,1.343913573
446,FOSSIL,Trogolemur_myodes,Trogolemur,1.425,1.673333333,1.502142857,1.535714286,1.281428571,2.052857143,2.3845,2.306862245,2.630589796,0.967440656,1.10320394
447,FOSSIL,Turkanapithecus_kalakolensis,Turkanapithecus,NA,NA,7,9.2,7.45,9.2,NA,64.4,68.54,NA,NA
448,FOSSIL,Ucayalipithecus_perdita,Ucayalipithecus,NA,NA,1.773,2.075,1.75,2.02,NA,3.678975,3.535,NA,NA
449,FOSSIL,Utahia_carina,Utahia,1.01,1.79,1.28,1.84,1.09,2.27,1.8079,2.3552,2.4743,1.302726921,1.368604458
450,FOSSIL,Utahia_kayi,Utahia,1.47,1.91,NA,NA,NA,NA,2.8077,NA,NA,NA,NA
451,Lemuridae,Varecia_rubra,Varecia,4.521333333,7.791833333,4.455166667,6.756333333,3.190666667,5.594666667,35.22947578,30.10059106,17.85071644,0.854414958,0.506698327
452,Lemuridae,Varecia_variegata,Varecia,7.963636364,7.472727273,7.481818182,6.781818182,5.177777778,4.855555556,59.51008264,50.74033058,25.14098765,0.852634181,0.422466018
453,FOSSIL,Victoriapithecus_macinnesi,Victoriapithecus,5.256857143,5.934666667,6.379566667,7.432785714,5.387,8.709066667,31.19769486,47.41795198,46.91574213,1.519918449,1.50382079
454,FOSSIL,Wailekia_orientale,Wailekia,NA,NA,3.6,4.6,3.2,4.7,NA,16.56,15.04,NA,NA
455,FOSSIL,Washakius_insignis,Washakius,1.8,2.42,1.96,2.49,1.93,3.25,4.356,4.8804,6.2725,1.120385675,1.43996786
456,Pithecidae,Xenothrix_mcgregori,Xenothrix,5.15,5.966666667,4.566666667,5.6,0,0,30.72833333,25.57333333,0,0.832239518,0
457,FOSSIL,Yaquius_travisi,Yaquius,3.8,4.3,3.7,4.7,3.3,4.3,16.34,17.39,14.19,1.064259486,0.868421053
458,FOSSIL,Yunnanadapis_folivorus,Yunnanadapis,3.44,4.56,4.09,4.69,3.3,5.08,15.6864,19.1821,16.764,1.222849092,1.06869645